sql_keyword,special_char,comment_char,wildcard_char,escape_char,label
0,0,0,0,0,1
0,2,0,0,0,1
0,4,1,0,0,1
1,10,1,0,0,1
0,1,0,0,0,1
0,1,0,0,0,1
2,11,0,0,0,1
1,9,1,0,0,1
1,9,1,0,0,1
1,9,1,0,0,1
1,9,0,0,0,1
3,26,1,0,0,1
1,10,1,0,0,1
2,9,0,3,0,1
1,9,1,0,0,1
1,16,1,1,0,1
0,0,0,0,0,1
1,5,0,0,0,1
1,9,0,0,0,1
1,16,0,1,0,1
0,0,0,0,0,1
0,1,0,0,0,1
3,13,0,2,0,1
1,5,0,0,0,1
4,26,1,0,0,1
0,0,0,0,0,1
1,16,0,1,0,1
0,9,1,0,1,1
0,2,0,0,1,1
2,11,0,2,0,1
2,14,0,0,0,1
4,49,0,0,0,1
4,24,1,0,0,1
3,9,2,0,0,1
1,5,0,0,0,1
1,9,0,0,0,1
0,23,0,1,0,1
0,23,0,0,0,1
0,43,0,3,0,1
0,39,0,4,0,1
0,39,0,4,0,1
0,39,0,4,0,1
0,39,0,5,0,1
0,53,0,4,0,1
0,53,0,3,0,1
2,54,0,5,0,1
0,55,0,6,0,1
0,61,0,7,0,1
0,69,0,4,0,1
0,69,0,3,0,1
3,71,0,6,0,1
0,71,0,7,0,1
0,77,0,7,0,1
0,69,0,4,0,1
0,69,0,3,0,1
3,71,0,6,0,1
0,71,0,7,0,1
0,77,0,7,0,1
0,69,0,4,0,1
0,69,0,3,0,1
3,71,0,6,0,1
0,71,0,7,0,1
0,77,0,7,0,1
0,69,0,4,0,1
0,69,0,3,0,1
3,71,0,6,0,1
0,71,0,7,0,1
0,77,0,7,0,1
0,69,0,4,0,1
0,69,0,3,0,1
3,71,0,6,0,1
0,71,0,7,0,1
0,77,0,7,0,1
0,69,0,4,0,1
0,69,0,3,0,1
3,71,0,6,0,1
0,71,0,7,0,1
0,77,0,7,0,1
0,69,0,4,0,1
0,69,0,3,0,1
3,71,0,6,0,1
0,71,0,7,0,1
0,77,0,7,0,1
0,69,0,4,0,1
0,69,0,3,0,1
3,71,0,6,0,1
0,71,0,7,0,1
0,77,0,7,0,1
1,48,0,0,0,1
0,2,0,0,0,1
0,4,0,0,0,1
0,8,0,0,0,1
1,9,1,0,0,1
1,4,0,0,0,1
1,9,0,0,0,1
1,10,0,0,0,1
1,13,1,0,0,1
1,9,0,0,0,1
1,13,1,0,0,1
0,5,1,0,0,1
1,8,1,0,0,1
1,8,1,0,0,1
1,9,1,0,0,1
1,6,1,0,0,1
1,9,0,0,0,1
1,9,0,0,0,1
1,15,0,0,0,1
1,4,0,0,0,1
4,10,1,1,0,1
5,12,0,1,0,1
0,8,1,0,0,1
0,8,1,0,0,1
0,11,1,0,0,1
7,31,1,0,0,1
2,16,1,0,0,1
2,9,1,0,0,1
1,12,0,0,0,1
1,15,0,0,0,1
1,12,0,0,0,1
2,10,0,1,0,1
1,6,0,0,0,1
1,10,0,0,0,1
1,15,0,0,0,1
2,7,0,0,0,1
2,12,0,0,0,1
4,24,0,0,0,1
2,4,0,0,0,1
1,8,2,0,0,1
0,9,4,0,0,1
2,20,0,0,0,1
1,23,0,0,0,1
1,20,8,0,0,1
1,5,1,0,0,1
1,12,1,0,0,1
1,9,0,0,0,1
1,13,1,0,0,1
1,9,1,0,0,1
5,48,0,0,0,1
1,12,1,0,0,1
3,16,1,0,0,1
2,20,0,1,0,1
0,36,0,1,0,1
1,62,0,1,0,1
1,16,1,1,0,1
1,7,0,0,0,1
4,13,0,0,0,1
2,9,1,0,0,1
2,10,0,1,0,1
1,10,0,1,0,1
3,40,0,0,0,1
0,9,0,0,0,1
2,111,0,0,0,1
1,9,1,0,0,1
2,15,1,0,0,1
3,26,1,0,0,1
3,28,1,0,0,1
3,31,1,0,0,1
3,33,1,0,0,1
3,35,1,0,0,1
2,43,1,0,0,1
2,43,1,0,0,1
2,43,1,0,0,1
2,43,1,0,0,1
2,28,1,1,0,1
1,27,1,1,0,1
2,43,1,0,0,1
2,43,1,0,0,1
6,32,1,0,1,1
6,33,1,0,1,1
5,32,1,0,1,1
8,37,1,0,0,1
6,33,1,0,1,1
5,32,1,0,0,1
6,33,1,0,0,1
5,25,1,0,2,1
5,24,1,0,1,1
6,25,1,0,1,1
6,26,1,0,2,1
5,25,1,0,1,1
6,26,1,0,1,1
6,29,1,0,1,1
7,29,1,0,0,1
7,29,1,0,0,1
4,21,1,0,0,1
5,25,1,0,2,1
6,32,1,0,0,1
6,26,1,0,2,1
6,26,1,0,1,1
6,32,2,0,0,1
6,28,1,0,0,1
5,26,1,0,0,1
6,27,1,0,0,1
5,24,1,0,1,1
5,25,1,0,1,1
6,26,1,0,1,1
6,25,1,0,1,1
5,25,1,0,1,1
6,25,1,0,0,1
6,26,1,0,1,1
6,26,1,0,0,1
5,25,1,0,2,1
6,26,1,0,2,1
5,23,1,0,1,1
6,24,1,0,1,1
6,25,1,0,2,1
6,25,1,0,2,1
5,24,1,0,1,1
6,25,1,0,1,1
5,27,1,0,1,1
6,28,1,0,1,1
5,24,1,0,0,1
6,29,1,0,0,1
6,30,1,0,1,1
6,33,2,0,0,1
6,32,1,0,0,1
4,28,1,0,1,1
5,29,1,0,1,1
5,27,1,0,0,1
4,20,1,0,0,1
5,28,1,0,0,1
4,30,1,0,1,1
5,31,1,0,1,1
5,26,1,0,0,1
7,27,1,0,0,1
5,32,1,0,0,1
5,25,1,0,0,1
5,24,1,0,1,1
7,27,1,0,0,1
4,23,1,0,0,1
4,23,1,0,0,1
5,28,1,0,0,1
4,21,1,0,0,1
7,28,1,0,0,1
5,27,2,0,0,1
5,28,1,0,0,1
5,34,1,0,0,1
5,23,1,0,1,1
4,23,1,0,0,1
5,28,1,0,0,1
4,22,1,1,0,1
5,27,1,1,0,1
7,28,1,0,0,1
4,21,1,0,0,1
4,27,1,0,0,1
7,34,1,0,0,1
7,34,1,0,0,1
7,28,1,0,0,1
7,28,1,0,0,1
5,26,2,0,0,1
4,30,1,0,1,1
5,31,1,0,1,1
5,25,1,0,1,1
5,28,1,0,0,1
5,34,1,0,0,1
5,28,1,0,0,1
4,26,1,1,2,1
4,25,1,1,1,1
5,26,1,1,1,1
5,27,1,0,2,1
4,26,1,1,1,1
5,27,1,0,1,1
7,32,1,0,0,1
5,26,1,0,0,1
5,27,1,0,0,1
5,26,1,0,0,1
5,26,1,0,0,1
5,25,1,0,0,1
5,27,1,0,0,1
7,26,1,0,0,1
5,26,1,1,0,1
5,27,1,0,1,1
7,27,2,0,0,1
7,26,1,0,0,1
5,27,1,1,0,1
5,26,1,0,0,1
5,27,1,0,0,1
5,27,1,0,0,1
5,26,1,0,0,1
5,27,1,0,0,1
5,28,1,0,0,1
5,27,1,0,0,1
5,27,1,0,0,1
5,28,1,0,0,1
5,27,1,0,0,1
5,28,1,0,0,1
5,26,1,0,0,1
5,28,1,0,0,1
7,28,1,0,0,1
5,27,1,1,0,1
5,28,1,1,0,1
5,27,1,0,0,1
5,28,1,0,0,1
5,28,1,0,0,1
4,24,1,0,0,1
5,25,1,0,0,1
4,23,1,0,0,1
5,24,1,0,0,1
4,23,1,0,0,1
4,30,1,0,0,1
5,31,1,0,0,1
4,24,1,0,0,1
5,25,1,0,0,1
5,24,1,0,0,1
4,26,1,1,1,1
4,25,1,1,0,1
5,26,1,1,0,1
5,27,1,0,1,1
4,26,1,1,0,1
5,27,1,0,0,1
4,22,1,0,0,1
4,28,1,1,1,1
5,29,1,0,1,1
4,27,1,1,0,1
7,34,1,0,0,1
4,28,1,1,0,1
4,28,1,1,0,1
4,23,1,0,0,1
4,24,1,0,0,1
5,28,1,0,0,1
5,28,1,0,0,1
5,35,1,0,0,1
5,24,1,0,1,1
4,24,1,0,0,1
5,29,1,0,0,1
4,21,1,0,0,1
7,28,1,0,0,1
7,28,1,0,0,1
5,28,3,0,0,1
4,23,1,0,0,1
5,28,1,0,0,1
5,23,1,0,1,1
4,23,1,0,0,1
4,24,1,1,0,1
5,25,1,0,0,1
4,23,1,1,0,1
5,24,1,1,0,1
4,24,1,1,0,1
5,29,1,1,0,1
4,24,1,0,0,1
4,23,1,1,0,1
7,30,1,0,0,1
5,28,1,0,0,1
5,35,1,0,0,1
5,29,1,0,0,1
4,24,1,1,0,1
5,29,1,0,0,1
5,29,1,0,0,1
4,22,1,0,0,1
6,35,1,0,0,1
6,35,1,0,1,1
6,36,1,0,1,1
8,40,1,0,0,1
5,28,1,0,2,1
6,28,1,0,1,1
6,29,1,0,2,1
6,29,1,0,1,1
6,32,1,0,1,1
7,32,1,0,0,1
4,24,1,0,0,1
8,35,1,1,0,1
6,31,1,0,0,1
5,29,1,0,0,1
6,30,1,0,0,1
5,27,1,0,1,1
6,29,1,0,1,1
6,28,1,0,1,1
6,29,1,0,0,1
5,28,1,0,2,1
6,29,1,0,2,1
5,26,1,0,1,1
6,31,1,0,0,1
6,28,1,0,2,1
5,27,1,0,1,1
6,28,1,0,1,1
6,31,1,0,1,1
5,27,1,0,0,1
6,32,1,0,0,1
6,39,1,0,0,1
6,34,1,0,0,1
6,35,1,0,0,1
5,29,1,0,0,1
5,30,1,0,0,1
5,27,1,0,0,1
5,26,1,0,0,1
0,0,0,0,0,1
5,27,1,0,0,1
5,27,1,1,0,1
6,31,2,0,0,1
6,37,2,0,0,1
6,33,2,0,0,1
6,31,2,0,0,1
5,27,2,0,0,1
5,27,1,1,0,1
5,27,1,1,0,1
5,30,2,0,0,1
6,35,2,0,0,1
5,27,1,0,0,1
5,27,1,0,0,1
5,27,1,0,0,1
5,32,1,0,0,1
5,27,1,0,0,1
5,30,1,0,0,1
5,26,1,0,0,1
0,0,0,0,0,1
5,27,1,0,0,1
5,27,1,1,0,1
5,27,1,1,0,1
5,27,1,0,0,1
5,27,1,0,0,1
5,27,1,0,0,1
5,27,1,0,0,1
5,30,1,0,0,1
5,28,1,0,0,1
5,25,1,0,0,1
0,0,0,0,0,1
5,25,1,0,0,1
5,25,1,0,0,1
6,29,2,0,0,1
6,35,2,0,0,1
6,31,2,0,0,1
6,29,2,0,0,1
5,25,2,0,0,1
5,27,2,0,0,1
6,33,2,0,0,1
5,25,1,0,0,1
5,25,1,0,0,1
5,27,1,0,0,1
5,27,1,0,0,1
5,25,1,0,0,1
5,28,1,0,0,1
0,0,0,0,0,1
5,25,1,0,0,1
5,25,1,1,0,1
6,29,2,0,0,1
6,35,2,0,0,1
6,31,2,0,0,1
6,29,2,0,0,1
5,25,2,0,0,1
5,25,1,1,0,1
5,25,1,1,0,1
5,28,2,0,0,1
6,32,2,0,0,1
5,25,1,1,0,1
5,25,1,0,0,1
5,25,1,0,0,1
5,29,1,0,0,1
5,26,1,0,0,1
5,24,1,0,0,1
0,0,0,0,0,1
5,27,1,0,0,1
5,24,1,1,0,1
6,28,2,0,0,1
6,34,2,0,0,1
6,30,2,0,0,1
6,28,2,0,0,1
5,24,2,0,0,1
5,24,1,1,0,1
5,24,1,1,0,1
5,24,1,0,0,1
5,24,1,0,0,1
6,33,1,0,0,1
0,1,0,0,0,1
0,3,0,0,0,1
0,3,0,0,0,1
0,1,0,0,0,1
0,1,0,0,0,1
0,0,0,0,0,1
0,1,0,0,0,1
0,1,0,0,0,1
0,0,0,0,0,1
0,0,0,0,0,1
0,0,0,0,0,1
0,0,0,0,0,1
0,0,0,0,0,1
0,0,0,0,0,1
0,0,0,0,0,1
0,0,0,0,0,1
0,0,0,0,0,1
0,0,0,0,0,1
0,1,0,0,0,1
5,24,2,0,0,1
5,27,1,0,0,1
5,30,1,0,0,1
5,28,1,0,0,1
5,28,1,0,0,1
5,24,1,0,0,1
0,0,0,0,0,1
5,25,1,1,0,1
6,29,2,0,0,1
6,35,2,0,0,1
6,31,2,0,0,1
6,29,2,0,0,1
5,25,2,0,0,1
5,25,1,1,0,1
5,25,1,1,0,1
5,28,2,0,0,1
6,32,2,0,0,1
5,25,1,0,0,1
5,31,1,1,0,1
5,25,1,0,0,1
5,25,1,0,0,1
5,24,2,0,0,1
5,27,1,0,0,1
5,27,1,1,0,1
5,25,1,0,0,1
5,27,1,2,0,1
5,25,1,1,0,1
5,24,1,1,0,1
0,0,0,0,0,1
5,25,1,0,0,1
5,25,1,0,0,1
6,29,2,0,0,1
6,35,2,0,0,1
6,31,2,0,0,1
6,29,2,0,0,1
5,25,2,0,0,1
5,25,1,1,0,1
5,25,1,1,0,1
5,27,2,0,0,1
6,32,2,0,0,1
5,25,1,1,0,1
5,31,1,1,0,1
5,25,1,0,0,1
5,25,1,1,0,1
5,30,1,0,0,1
5,30,1,0,1,1
5,31,1,0,1,1
7,35,1,0,0,1
5,24,1,0,1,1
5,25,1,0,1,1
5,26,2,0,1,1
5,26,1,1,1,1
7,29,1,0,0,1
7,29,1,0,0,1
7,32,1,0,0,1
5,25,2,0,1,1
5,26,1,0,0,1
5,26,1,1,0,1
5,26,1,0,0,1
5,25,1,0,1,1
5,26,1,0,1,1
5,29,1,0,0,1
5,26,2,0,1,1
5,30,1,0,0,1
5,30,1,0,0,1
7,31,1,0,0,1
5,31,1,0,0,1
5,25,2,0,1,1
5,27,1,0,0,1
5,27,1,1,0,1
5,31,1,2,0,1
0,0,0,0,0,1
5,25,1,1,0,1
5,25,1,0,0,1
6,29,2,0,0,1
6,35,2,0,0,1
6,31,2,0,0,1
6,29,2,0,0,1
5,25,2,0,0,1
5,25,1,1,0,1
5,25,1,1,0,1
5,25,1,0,0,1
5,25,1,0,0,1
5,25,1,1,0,1
4,31,1,0,1,1
5,33,1,0,1,1
5,34,1,0,1,1
7,37,1,0,0,1
5,27,1,0,0,1
5,27,1,0,0,1
5,25,1,1,0,1
4,26,1,0,0,1
5,31,1,0,0,1
4,27,1,0,0,1
5,32,1,1,0,1
5,25,1,1,0,1
7,34,1,0,0,1
7,31,1,0,0,1
5,24,1,1,0,1
0,0,0,0,0,1
5,25,1,1,0,1
5,25,1,1,0,1
5,34,2,0,0,1
4,27,1,0,0,1
5,29,1,0,0,1
4,26,1,0,0,1
5,25,1,2,0,1
4,27,1,1,0,1
5,32,1,1,0,1
5,25,1,2,0,1
4,29,1,1,1,1
4,26,1,0,0,1
5,31,1,0,0,1
5,32,1,0,0,1
4,29,1,1,0,1
5,30,1,0,0,1
5,25,1,1,0,1
4,27,1,0,0,1
5,32,1,1,0,1
5,31,1,0,0,1
5,37,1,0,0,1
5,32,1,0,0,1
5,33,1,0,0,1
5,33,1,0,0,1
5,25,1,1,0,1
5,27,1,0,0,1
5,27,1,0,0,1
0,0,0,0,0,1
5,28,1,0,0,1
5,25,1,0,0,1
6,29,2,0,0,1
6,35,2,0,0,1
6,31,2,0,0,1
6,29,2,0,0,1
5,25,2,0,0,1
5,25,1,1,0,1
5,30,1,0,0,1
5,27,1,0,0,1
5,28,1,0,0,1
5,25,1,0,0,1
5,27,1,0,0,1
0,0,0,0,0,1
5,25,1,0,0,1
5,25,1,0,0,1
6,29,2,0,0,1
6,35,2,0,0,1
6,31,2,0,0,1
6,29,2,0,0,1
5,25,2,0,0,1
5,28,2,0,0,1
6,33,2,0,0,1
5,25,1,1,0,1
5,25,1,0,0,1
5,25,1,0,0,1
5,31,1,0,1,1
5,30,2,0,0,1
5,31,1,0,0,1
5,29,1,0,0,1
5,35,1,0,0,1
5,29,1,0,0,1
5,31,2,0,0,1
0,3,0,0,0,1
0,3,0,0,0,1
0,3,0,0,0,1
0,3,0,1,0,1
0,3,0,0,0,1
1,7,0,0,0,1
1,7,0,0,0,1
1,7,0,0,0,1
1,7,0,1,0,1
1,7,0,0,0,1
0,3,0,0,0,1
0,3,0,0,0,1
0,3,0,0,0,1
0,3,0,1,0,1
0,3,0,0,0,1
1,7,0,0,0,1
1,7,0,0,0,1
1,7,0,0,0,1
1,7,0,1,0,1
1,7,0,0,0,1
1,3,1,0,0,1
1,5,1,0,0,1
1,5,1,0,0,1
1,8,1,0,0,1
1,8,1,0,0,1
1,9,0,0,0,1
1,21,0,0,0,1
1,41,0,0,0,1
1,9,0,0,0,1
1,21,0,0,0,1
1,41,0,0,0,1
1,4,0,0,0,1
1,7,1,0,0,1
1,5,1,0,0,1
1,6,1,0,0,1
0,4,1,0,0,1
0,3,1,0,0,1
0,3,1,0,0,1
1,9,0,0,0,1
1,12,1,0,0,1
1,11,1,0,0,1
1,12,1,0,0,1
2,13,0,0,0,1
1,6,0,0,0,1
1,8,1,0,0,1
1,7,1,0,0,1
1,8,1,0,0,1
1,15,0,0,0,1
1,18,1,0,0,1
1,17,1,0,0,1
1,18,1,0,0,1
1,12,0,0,0,1
1,15,1,0,0,1
1,14,1,0,0,1
1,15,1,0,0,1
0,16,0,0,0,1
0,4,1,0,0,1
0,3,1,0,0,1
0,3,1,0,0,1
1,9,0,0,0,1
1,12,1,0,0,1
1,11,1,0,0,1
1,12,1,0,0,1
2,13,0,0,0,1
1,6,0,0,0,1
1,8,1,0,0,1
1,7,1,0,0,1
1,8,1,0,0,1
1,15,0,0,0,1
1,18,1,0,0,1
1,17,1,0,0,1
1,18,1,0,0,1
1,12,0,0,0,1
1,15,1,0,0,1
1,14,1,0,0,1
1,15,1,0,0,1
0,16,0,0,0,1
0,1,0,0,0,1
0,2,0,0,0,1
0,1,0,0,0,1
0,6,0,0,0,1
1,8,1,0,0,1
1,11,1,0,0,1
1,7,0,0,0,1
1,11,0,0,0,1
1,5,0,0,0,1
1,10,1,0,0,1
1,9,1,0,0,1
2,17,0,0,0,1
0,0,0,0,0,1
0,0,0,0,0,1
0,0,0,0,0,1
2,16,0,0,0,1
1,8,0,0,0,1
1,8,0,0,0,1
2,18,0,0,0,1
1,7,0,0,0,1
0,1,0,0,0,1
0,1,0,0,0,1
1,6,0,0,0,1
1,8,1,0,0,1
0,9,1,0,0,1
0,9,1,0,0,1
0,9,0,0,0,1
0,26,1,0,0,1
0,10,1,0,0,1
0,9,0,3,0,1
0,5,0,0,0,1
1,16,1,1,0,1
0,1,0,0,0,1
1,9,0,0,0,1
1,9,0,0,0,1
1,5,0,0,0,1
1,15,0,0,0,1
1,5,0,0,0,1
1,9,1,0,0,1
1,9,1,0,0,1
1,7,1,0,0,1
1,8,1,0,0,1
1,8,1,0,0,1
1,6,1,0,0,1
1,8,1,0,0,1
1,8,1,0,0,1
1,12,1,0,0,1
1,7,1,0,0,1
1,6,1,0,0,1
1,4,0,0,0,1
1,7,1,0,0,1
2,14,0,0,0,1
2,12,0,0,0,1
1,8,1,0,0,1
1,5,0,0,0,1
1,15,0,0,0,1
1,11,0,0,0,1
1,5,0,0,0,1
1,9,1,0,0,1
1,9,1,0,0,1
1,9,0,0,0,1
1,15,0,0,0,1
1,21,0,0,0,1
1,12,0,0,0,1
0,1,0,0,0,1
0,2,0,0,0,1
0,0,0,0,0,1
0,3,0,0,0,1
1,0,0,0,0,1
1,0,0,0,0,1
0,0,0,0,0,1
1,0,0,0,0,1
0,0,0,0,0,1
0,0,0,0,0,1
1,1,0,0,0,1
0,0,0,0,0,1
0,0,0,0,0,1
1,0,0,0,0,1
1,0,0,0,0,1
0,0,0,0,0,1
0,0,0,0,0,1
1,0,0,0,0,1
0,0,0,0,0,1
1,0,0,0,0,1
1,0,0,0,0,1
0,0,0,0,0,1
2,7,0,1,0,1
2,7,0,1,0,1
2,7,0,1,0,1
2,7,0,1,0,1
2,7,0,1,0,1
1,1,0,0,0,1
1,1,0,0,0,1
1,7,0,1,0,1
1,5,0,1,0,1
1,13,1,1,0,1
1,3,1,1,0,1
0,2,0,0,1,1
0,3,0,0,0,1
0,4,0,0,0,1
1,9,0,0,0,1
1,7,0,0,0,1
0,5,0,1,0,1
0,3,0,0,0,1
0,2,0,2,0,1
0,1,0,1,0,1
0,14,0,1,0,1
1,6,0,0,0,1
1,6,0,1,0,1
0,9,0,0,0,1
0,4,0,0,0,1
0,4,0,4,0,1
0,3,0,0,0,1
0,1,0,0,0,1
0,6,0,0,0,1
0,1,0,0,0,1
0,1,0,1,0,1
0,2,0,0,0,1
0,2,0,2,0,1
0,20,0,0,0,1
0,8,0,8,0,1
0,20,0,0,0,1
0,8,0,8,0,1
0,3,0,0,0,1
0,1,0,1,0,1
0,3,0,0,0,1
0,1,0,1,0,1
0,1,0,0,0,1
0,1,0,1,0,1
0,1,0,0,0,1
0,1,0,1,0,1
2,14,0,0,0,1
1,9,0,0,0,1
2,14,0,0,0,1
0,1,0,0,0,1
0,2,0,0,0,1
0,3,1,0,0,1
0,3,2,0,0,1
1,8,1,0,0,1
1,11,1,0,0,1
1,6,0,0,0,1
1,8,1,0,0,1
1,14,0,0,0,1
1,5,0,0,0,1
2,19,0,0,0,1
0,16,1,0,0,1
1,0,0,0,0,1
1,14,1,4,0,1
1,18,1,5,0,1
1,47,0,0,0,1
1,21,0,0,0,1
1,0,0,0,0,1
1,0,0,0,0,1
1,14,1,4,0,1
0,13,1,5,0,1
0,20,0,0,0,1
1,15,0,0,0,1
1,7,1,0,0,1
1,0,0,0,0,1
1,16,1,4,0,1
1,14,0,0,0,1
1,4,0,1,0,1
0,2,0,0,0,1
1,12,1,0,0,1
1,26,1,0,0,1
0,0,0,0,0,1
0,8,0,0,0,1
1,11,1,0,0,1
1,19,1,0,0,1
1,3,1,0,0,1
1,8,1,0,0,1
1,9,1,0,0,1
1,8,0,0,0,1
1,9,1,0,0,1
1,6,0,0,0,1
0,3,0,0,0,1
1,19,0,4,0,1
1,26,1,0,0,1
1,9,0,0,0,1
0,0,0,0,0,1
0,2,0,1,0,1
0,0,0,0,0,1
1,5,0,0,0,1
1,5,0,0,0,1
1,27,1,0,0,1
0,0,0,0,0,1
1,15,0,0,0,1
1,5,0,0,0,1
1,21,1,4,0,1
1,10,1,0,0,1
0,23,0,1,0,1
1,4,0,0,0,1
1,13,1,4,0,1
1,4,0,0,0,1
3,15,1,0,0,1
1,8,0,0,0,1
1,11,0,0,0,1
0,3,1,0,0,1
2,13,0,0,0,1
2,22,0,0,0,1
1,1,0,0,0,1
1,15,1,1,0,1
0,2,0,0,0,1
1,16,1,5,0,1
0,9,1,0,0,1
0,1,0,0,0,1
1,4,0,0,0,1
1,11,0,0,0,1
0,2,0,0,0,1
1,0,0,0,0,1
1,21,1,0,0,1
0,2,0,0,1,1
2,21,0,0,0,1
0,1,0,1,0,1
0,0,0,0,0,1
1,22,1,4,0,1
0,2,0,0,0,1
1,7,1,0,0,1
0,8,0,8,0,1
1,4,0,0,0,1
5,12,0,1,0,1
0,3,0,0,0,1
1,11,1,0,0,1
0,2,0,1,0,1
1,9,0,0,0,1
0,6,0,0,0,1
0,10,1,0,0,1
1,7,1,0,0,1
1,32,0,1,0,1
0,4,0,0,0,1
0,4,0,0,0,1
0,0,0,0,0,1
1,23,1,5,0,1
1,19,8,0,0,1
2,8,1,0,0,1
0,2,0,0,0,1
0,6,0,0,0,1
1,8,0,0,0,1
1,13,0,1,0,1
0,9,0,0,0,1
1,18,1,0,0,1
1,8,0,0,0,1
0,4,0,1,0,1
1,15,1,5,0,1
1,11,0,0,0,1
1,20,0,4,0,1
1,14,0,0,0,1
1,23,0,0,0,1
2,19,0,1,0,1
0,4,0,0,0,1
1,7,0,0,0,1
1,18,1,5,0,1
2,2,0,0,0,1
1,13,1,4,0,1
4,9,1,1,0,1
1,8,1,0,0,1
1,11,0,0,0,1
2,16,0,0,0,1
2,6,0,0,0,1
1,7,1,0,0,1
1,8,0,0,0,1
0,1,0,0,0,1
1,16,0,4,0,1
1,6,1,0,0,1
1,7,1,0,0,1
0,0,0,0,0,1
0,1,0,0,0,1
1,13,1,0,0,1
2,22,0,0,0,1
1,8,1,0,0,1
0,4,0,4,0,1
1,1,0,0,0,1
0,0,0,0,0,1
0,7,1,0,0,1
1,21,1,0,0,1
2,11,0,0,0,1
1,13,1,4,0,1
1,8,1,0,0,1
0,9,1,0,0,1
0,3,2,0,0,1
1,9,0,0,0,1
1,6,0,0,0,1
1,18,1,0,0,1
1,17,1,4,0,1
1,8,1,0,0,1
1,8,1,0,0,1
0,10,1,0,0,1
1,8,0,0,0,1
1,6,0,1,0,1
1,5,0,0,0,1
1,0,0,0,0,1
1,25,0,4,0,1
0,4,0,0,0,1
1,9,1,0,0,1
1,19,1,5,0,1
1,8,0,0,0,1
1,14,0,0,0,1
1,1,0,0,0,1
0,2,0,1,0,1
0,3,0,0,0,1
1,8,1,0,0,1
1,15,1,5,0,1
1,5,0,0,0,1
1,11,0,0,0,1
0,9,4,0,0,1
0,0,0,0,0,1
1,6,0,1,0,1
1,23,1,5,0,1
0,1,0,1,0,1
0,26,1,0,0,1
0,3,0,0,0,1
1,10,0,0,0,1
2,22,0,0,0,1
1,5,0,0,0,1
1,22,0,0,0,1
0,5,0,0,0,1
0,1,0,0,0,1
0,9,0,0,0,1
2,17,0,0,0,1
1,7,1,0,0,1
0,0,0,0,0,1
0,3,0,0,0,1
0,3,0,0,0,1
1,21,1,4,0,1
1,6,1,0,0,1
3,18,0,0,0,1
1,5,0,0,0,1
0,20,0,0,0,1
1,8,2,0,0,1
0,0,0,0,0,1
1,16,1,4,0,1
0,2,0,2,0,1
1,22,1,0,0,1
0,2,0,0,0,1
0,8,0,8,0,1
0,1,0,0,0,1
1,8,1,0,0,1
1,24,0,4,0,1
2,11,0,0,0,1
2,15,1,0,0,1
0,1,0,0,0,1
4,17,0,0,0,1
2,14,0,0,0,1
0,2,0,1,0,1
1,8,1,0,0,1
0,1,0,0,0,1
1,11,1,0,0,1
1,11,1,0,0,1
0,3,1,0,0,1
0,2,0,2,0,1
1,9,1,0,0,1
1,24,1,5,0,1
0,1,0,0,0,1
1,4,1,0,0,1
0,1,0,0,0,1
0,1,0,0,0,1
1,7,0,0,0,1
3,26,0,0,0,1
3,26,0,0,0,1
2,19,0,0,0,1
3,26,0,0,0,1
1,6,0,0,0,1
1,8,1,0,0,1
0,9,0,3,0,1
1,16,1,1,0,1
1,9,0,0,0,1
1,9,0,0,0,1
1,15,0,0,0,1
1,9,1,0,0,1
1,8,1,0,0,1
1,8,1,0,0,1
1,8,1,0,0,1
1,12,1,0,0,1
1,7,1,0,0,1
1,6,1,0,0,1
2,14,0,0,0,1
2,12,0,0,0,1
1,8,1,0,0,1
1,5,0,0,0,1
1,15,0,0,0,1
1,12,0,0,0,1
1,0,0,0,0,1
0,0,0,0,0,1
1,0,0,0,0,1
2,7,0,1,0,1
2,7,0,1,0,1
2,7,0,1,0,1
2,7,0,1,0,1
2,7,0,1,0,1
1,7,0,1,0,1
1,5,0,1,0,1
1,13,1,1,0,1
1,3,1,1,0,1
0,3,0,0,0,1
0,4,0,0,0,1
1,9,0,0,0,1
1,7,0,0,0,1
0,5,0,1,0,1
0,3,0,0,0,1
0,14,0,1,0,1
1,6,0,0,0,1
0,1,0,0,0,1
0,1,0,1,0,1
0,1,0,1,0,1
0,1,0,1,0,1
0,1,0,1,0,1
1,9,0,0,0,1
1,6,0,0,0,1
1,8,1,0,0,1
0,0,0,0,0,1
0,8,0,0,0,0
1,20,0,0,0,0
0,14,0,0,0,0
2,23,0,0,0,0
1,9,0,0,0,0
0,10,0,0,0,0
0,7,0,0,0,0
0,13,0,0,0,0
0,23,0,0,0,0
0,23,0,0,0,0
0,16,0,0,0,0
0,7,0,0,0,0
1,14,0,0,0,0
1,7,0,0,0,0
1,13,0,0,0,0
2,20,0,0,0,0
4,37,0,0,0,0
0,12,0,0,0,0
0,18,0,0,0,0
1,6,0,0,0,0
0,11,0,0,0,0
0,10,0,0,0,0
2,16,0,0,0,0
1,17,0,0,0,0
0,3,0,0,0,0
0,12,0,0,0,0
0,8,0,0,0,0
1,12,0,0,0,0
4,23,0,0,0,0
4,32,0,0,0,0
1,32,0,0,0,0
0,12,0,0,0,0
2,17,0,0,0,0
1,19,0,0,0,0
1,8,0,0,0,0
0,8,0,0,0,0
1,5,0,0,0,0
1,10,0,0,0,0
1,19,0,0,0,0
1,38,0,0,0,0
0,12,0,0,0,0
0,7,0,0,0,0
0,9,0,0,0,0
0,19,0,0,0,0
0,3,0,0,0,0
1,26,0,0,0,0
1,21,0,0,0,0
1,10,0,0,0,0
1,7,0,0,0,0
1,17,0,0,0,0
1,4,0,0,0,0
0,3,0,0,0,0
1,7,0,0,0,0
1,5,0,0,0,0
2,13,0,0,0,0
0,5,0,0,0,0
1,6,0,0,0,0
1,17,0,0,0,0
0,23,0,0,0,0
0,14,0,0,0,0
0,4,0,0,0,0
0,12,0,0,0,0
0,11,0,0,0,0
0,12,0,0,0,0
0,8,0,0,0,0
0,10,0,0,0,0
2,56,0,0,0,0
0,5,0,0,0,0
1,9,0,0,0,0
0,9,0,0,0,0
0,10,0,0,0,0
0,10,0,0,0,0
1,8,0,0,0,0
0,11,0,0,0,0
0,8,0,0,0,0
1,18,0,0,0,0
1,25,0,0,0,0
2,56,0,0,0,0
0,9,0,0,0,0
0,3,0,0,0,0
0,18,0,0,0,0
2,14,0,0,0,0
0,3,0,0,0,0
0,5,0,0,0,0
0,3,0,0,0,0
0,11,0,0,0,0
0,8,0,0,0,0
0,10,0,0,0,0
1,10,0,0,0,0
0,8,0,0,0,0
0,16,0,0,0,0
0,8,0,0,0,0
0,15,0,0,0,0
0,11,0,0,0,0
2,21,0,0,0,0
2,10,0,0,0,0
0,6,0,0,0,0
2,31,0,0,0,0
1,9,0,0,0,0
1,7,0,0,0,0
2,6,0,0,0,0
1,8,0,0,0,0
0,8,0,0,0,0
0,10,0,0,0,0
4,47,0,0,0,0
1,13,0,0,0,0
2,11,0,0,0,0
0,5,0,0,0,0
1,19,0,0,0,0
1,9,0,0,0,0
0,13,0,0,0,0
3,27,0,0,0,0
0,17,0,0,0,0
3,5,0,0,0,0
1,8,0,0,0,0
1,9,0,0,0,0
3,31,0,0,0,0
1,6,0,0,0,0
1,11,0,0,0,0
1,8,0,0,0,0
4,29,0,0,0,0
3,24,0,0,0,0
5,49,0,0,0,0
1,21,0,0,0,0
2,9,0,0,0,0
1,12,0,0,0,0
0,7,0,0,0,0
0,6,0,0,0,0
4,22,0,0,0,0
0,6,0,0,0,0
1,30,0,0,0,0
0,3,0,0,0,0
0,5,0,0,0,0
0,12,0,0,0,0
1,5,0,0,0,0
3,18,0,0,0,0
2,36,0,0,0,0
0,7,0,0,0,0
0,10,0,0,0,0
0,3,0,0,0,0
0,3,0,0,0,0
0,15,0,0,0,0
0,9,0,0,0,0
2,10,0,0,0,0
0,10,0,0,0,0
0,4,0,0,0,0
0,8,0,0,0,0
0,8,0,0,0,0
0,9,0,0,0,0
1,4,0,0,0,0
0,8,0,0,0,0
0,3,0,0,0,0
1,18,0,0,0,0
0,5,0,0,0,0
1,6,0,0,0,0
1,4,0,0,0,0
2,7,0,0,0,0
1,17,0,0,0,0
1,6,0,0,0,0
1,5,0,0,0,0
1,13,0,0,0,0
1,4,0,0,0,0
0,4,0,0,0,0
1,6,0,0,0,0
1,23,0,0,0,0
1,7,0,0,0,0
2,5,0,0,0,0
0,10,0,0,0,0
1,6,0,0,0,0
0,6,0,0,0,0
0,10,0,0,0,0
1,14,0,0,0,0
6,39,0,0,0,0
0,4,0,0,0,0
0,7,0,0,0,0
0,11,0,0,0,0
0,12,0,0,0,0
0,9,0,0,0,0
0,25,0,0,0,0
1,8,0,0,0,0
1,13,0,0,0,0
1,29,0,0,0,0
1,14,0,0,0,0
2,8,0,0,0,0
1,11,0,0,0,0
2,24,0,0,0,0
0,9,0,0,0,0
1,23,0,0,0,0
0,7,0,0,0,0
2,29,0,0,0,0
0,14,0,0,0,0
1,24,0,0,0,0
0,6,0,0,0,0
0,13,0,0,0,0
3,23,0,0,0,0
0,3,0,0,0,0
0,13,0,0,0,0
1,25,0,0,0,0
3,16,0,0,0,0
0,6,0,0,0,0
0,3,0,0,0,0
1,16,0,0,0,0
2,26,0,0,0,0
2,15,0,0,0,0
3,22,0,0,0,0
0,10,0,0,0,0
0,10,0,0,0,0
0,15,0,0,0,0
2,9,0,0,0,0
0,22,0,0,0,0
0,11,0,0,0,0
1,19,0,0,0,0
1,13,0,0,0,0
1,26,0,0,0,0
2,15,0,0,0,0
0,20,0,0,0,0
0,11,0,0,0,0
0,9,0,0,0,0
1,12,0,0,0,0
1,11,0,0,0,0
0,7,0,0,0,0
0,10,0,0,0,0
0,5,0,0,0,0
1,7,0,0,0,0
0,18,0,0,0,0
1,7,0,0,0,0
1,15,0,0,0,0
0,7,0,0,0,0
0,13,0,0,0,0
1,10,0,0,0,0
0,20,0,0,0,0
0,14,0,0,0,0
1,7,0,0,0,0
2,12,0,0,0,0
0,3,0,0,0,0
2,23,0,0,0,0
2,16,0,0,0,0
0,9,0,0,0,0
1,13,0,0,0,0
4,13,0,0,0,0
0,3,0,0,0,0
1,16,0,0,0,0
0,3,0,0,0,0
1,15,0,0,0,0
2,15,0,0,0,0
2,15,0,0,0,0
4,14,0,0,0,0
1,17,0,0,0,0
0,27,0,0,0,0
0,13,0,0,0,0
2,23,0,0,0,0
1,12,0,0,0,0
0,8,0,0,0,0
4,36,0,0,0,0
3,14,0,0,0,0
0,2,0,0,0,0
0,8,0,0,0,0
2,9,0,0,0,0
5,17,0,0,0,0
0,12,0,0,0,0
2,10,0,0,0,0
3,12,0,0,0,0
0,35,0,0,0,0
0,11,0,0,0,0
1,18,0,0,0,0
0,6,0,0,0,0
1,6,0,0,0,0
1,34,0,0,0,0
0,34,0,0,0,0
1,21,0,0,0,0
0,0,0,0,0,0
0,7,0,0,0,0
2,26,0,0,0,0
1,31,0,0,0,0
0,23,0,0,0,0
0,17,0,0,0,0
0,11,0,0,0,0
1,18,0,0,0,0
0,57,0,0,0,0
0,13,0,0,0,0
1,36,0,0,0,0
0,0,0,0,0,0
0,4,0,0,0,0
0,8,0,0,0,0
1,5,0,0,0,0
0,0,0,0,0,0
0,3,0,0,0,0
0,23,0,0,0,0
0,16,0,0,0,0
0,18,0,0,0,0
0,11,0,0,0,0
0,26,0,0,0,0
1,10,0,0,0,0
0,7,0,0,0,0
1,13,0,0,0,0
1,22,0,0,0,0
0,0,0,0,0,0
1,3,0,0,0,0
1,15,0,0,0,0
0,28,0,0,0,0
2,18,0,0,0,0
0,10,0,0,0,0
1,31,0,0,0,0
3,29,0,0,0,0
3,39,0,0,0,0
0,10,0,0,0,0
0,12,0,0,0,0
1,18,0,0,0,0
0,9,0,0,0,0
0,15,0,0,0,0
3,24,0,0,0,0
0,16,0,0,0,0
2,13,0,0,0,0
0,16,0,0,0,0
1,19,0,0,0,0
0,15,0,0,0,0
1,19,0,0,0,0
0,3,0,0,0,0
0,0,0,0,0,0
2,14,0,0,0,0
1,21,0,0,0,0
2,12,0,0,0,0
1,19,0,0,0,0
3,19,0,0,0,0
1,25,0,0,0,0
0,16,0,0,0,0
0,10,0,0,0,0
2,21,0,0,0,0
1,20,0,0,0,0
0,7,0,0,0,0
1,7,0,0,0,0
0,9,0,0,0,0
1,54,0,0,0,0
0,20,0,0,0,0
2,35,0,0,0,0
2,16,0,0,0,0
0,3,0,0,0,0
1,16,0,0,0,0
1,18,0,0,0,0
0,15,0,0,0,0
0,11,0,0,0,0
0,9,0,0,0,0
0,3,0,0,0,0
0,5,0,0,0,0
0,5,0,0,0,0
0,6,0,0,0,0
0,15,0,0,0,0
1,10,0,0,0,0
0,10,0,0,0,0
1,20,0,0,0,0
0,9,0,0,0,0
0,6,0,0,0,0
0,10,0,0,0,0
0,4,0,0,0,0
0,4,0,0,0,0
0,8,0,0,0,0
0,18,0,0,0,0
0,7,0,0,0,0
0,6,0,0,0,0
3,35,0,0,0,0
1,28,0,0,0,0
2,47,0,0,0,0
7,47,0,0,0,0
0,14,0,0,0,0
3,40,2,0,0,0
2,50,0,0,0,0
0,17,0,0,0,0
0,21,0,0,0,0
1,61,0,0,0,0
0,29,0,0,0,0
1,17,0,0,0,0
0,12,0,0,0,0
1,36,0,0,0,0
0,22,0,0,0,0
0,13,0,0,0,0
0,12,0,0,0,0
1,39,0,0,0,0
1,21,0,0,0,0
0,12,0,0,0,0
0,21,0,0,0,0
1,32,0,0,0,0
4,63,0,0,0,0
1,12,0,0,0,0
3,29,0,0,0,0
0,21,0,0,0,0
0,17,0,0,0,0
2,26,0,0,0,0
0,33,0,0,0,0
1,18,0,0,0,0
3,35,0,0,0,0
3,35,0,0,0,0
3,28,0,0,0,0
1,18,0,0,0,0
0,17,0,0,0,0
1,10,0,0,0,0
0,11,0,0,0,0
0,28,0,0,0,0
1,25,0,0,0,0
1,25,0,0,0,0
0,14,0,0,0,0
0,4,0,0,0,0
0,8,0,0,0,0
0,6,0,0,0,0
0,0,0,0,0,0
0,0,0,0,0,0
0,27,0,0,0,0
0,19,0,0,0,0
0,11,0,0,0,0
0,4,0,0,0,0
0,23,0,0,0,0
3,19,0,0,0,0
1,32,0,0,0,0
2,35,0,0,0,0
3,26,0,0,0,0
0,7,0,0,0,0
0,5,0,0,0,0
1,30,0,0,0,0
0,15,0,0,0,0
3,14,0,0,0,0
1,29,0,0,0,0
1,25,0,0,0,0
2,19,0,0,0,0
0,7,0,0,0,0
0,13,0,0,0,0
0,12,0,0,0,0
4,30,0,0,0,0
0,8,0,0,0,0
1,29,0,0,0,0
1,19,0,0,0,0
2,42,0,0,0,0
2,43,0,0,0,0
0,19,0,0,0,0
0,18,0,0,0,0
0,19,0,0,0,0
2,18,0,0,0,0
1,19,0,0,0,0
1,21,0,0,0,0
1,10,0,0,0,0
0,13,0,0,0,0
0,14,0,0,0,0
0,21,0,0,0,0
2,27,0,0,0,0
0,12,0,0,0,0
1,11,0,0,0,0
0,8,0,0,0,0
0,11,0,0,0,0
1,32,0,0,0,0
1,15,0,0,0,0
0,14,0,0,0,0
3,42,0,0,0,0
2,16,0,0,0,0
3,21,0,0,0,0
0,10,0,0,0,0
0,16,0,0,0,0
2,15,0,0,0,0
0,9,0,0,0,0
0,36,0,0,0,0
1,35,0,0,0,0
0,17,0,0,0,0
0,25,0,0,0,0
0,15,0,0,0,0
1,12,0,0,0,0
1,36,0,0,0,0
0,29,0,0,0,0
1,12,0,0,0,0
2,17,0,0,0,0
0,13,0,0,0,0
1,32,0,0,0,0
0,18,0,0,0,0
0,34,0,0,0,0
1,11,0,0,0,0
1,20,0,0,0,0
1,27,0,0,0,0
0,26,0,0,0,0
0,15,0,0,0,0
2,36,0,0,0,0
1,26,0,0,0,0
5,30,0,0,0,0
4,23,0,0,0,0
2,28,0,0,0,0
0,10,0,0,0,0
3,18,0,0,0,0
2,38,0,0,0,0
1,17,0,0,0,0
0,21,0,0,0,0
3,37,0,0,0,0
0,12,0,0,0,0
1,8,0,0,0,0
1,36,0,0,0,0
0,11,0,0,0,0
2,13,0,0,0,0
0,9,0,0,0,0
0,20,0,0,0,0
0,12,0,0,0,0
0,33,0,0,0,0
1,10,0,0,0,0
2,17,0,0,0,0
0,7,0,0,0,0
2,14,0,0,0,0
2,32,0,0,0,0
0,24,0,0,0,0
0,27,0,0,0,0
2,21,0,0,0,0
3,33,0,0,0,0
0,14,0,0,0,0
0,10,0,0,0,0
0,21,0,0,0,0
2,35,0,0,0,0
0,24,0,0,0,0
1,12,0,0,0,0
0,25,0,0,0,0
1,33,0,0,0,0
0,24,0,0,0,0
1,20,0,0,0,0
1,18,0,0,0,0
1,8,0,0,0,0
2,25,0,0,0,0
3,42,0,0,0,0
0,25,0,0,0,0
1,17,0,0,0,0
4,30,0,0,0,0
1,20,0,0,0,0
0,24,0,0,0,0
0,13,0,0,0,0
0,9,0,0,0,0
0,9,0,0,0,0
1,35,0,0,0,0
0,13,0,0,0,0
1,12,0,0,0,0
0,11,0,0,0,0
1,10,0,0,0,0
2,21,0,0,0,0
2,47,2,0,0,0
0,20,0,0,0,0
0,12,0,0,0,0
3,41,0,0,0,0
3,16,0,0,0,0
0,12,0,0,0,0
0,10,0,0,0,0
1,55,2,0,0,0
0,46,2,0,0,0
0,16,0,0,0,0
0,3,0,0,0,0
0,12,0,0,0,0
0,6,0,0,0,0
2,21,0,0,0,0
2,30,0,0,0,0
2,36,0,0,0,0
0,20,0,0,0,0
0,31,0,0,0,0
0,12,0,0,0,0
3,19,0,0,0,0
0,15,0,0,0,0
2,15,0,0,0,0
1,31,0,0,0,0
1,14,0,0,0,0
0,8,0,0,0,0
1,25,0,0,0,0
2,27,0,0,0,0
1,12,0,0,0,0
2,15,0,0,0,0
3,18,0,0,0,0
0,17,0,0,0,0
0,7,0,0,0,0
0,2,0,0,0,0
2,43,0,0,0,0
1,24,0,0,0,0
2,31,0,0,0,0
2,39,0,0,0,0
0,9,0,0,0,0
0,21,0,0,0,0
1,20,0,0,0,0
0,31,0,0,0,0
0,30,0,0,0,0
1,18,0,0,0,0
1,12,0,0,0,0
2,22,0,0,0,0
0,12,0,0,0,0
0,14,0,0,0,0
2,11,0,0,0,0
0,19,0,0,0,0
1,8,0,0,0,0
0,7,0,0,0,0
0,12,0,0,0,0
0,9,0,0,0,0
1,10,0,0,0,0
1,30,0,0,0,0
1,5,0,0,0,0
2,24,0,0,0,0
1,22,0,0,0,0
0,20,0,0,0,0
0,14,0,0,0,0
0,5,0,0,0,0
1,8,0,0,0,0
1,6,0,0,0,0
0,15,0,0,0,0
0,7,0,0,0,0
0,8,0,0,0,0
0,5,0,0,0,0
0,4,0,0,0,0
0,11,0,0,0,0
0,31,0,0,0,0
0,13,0,0,0,0
0,16,0,0,0,0
0,32,0,0,0,0
1,21,0,0,0,0
0,14,0,0,0,0
0,17,0,0,0,0
0,17,0,0,0,0
1,42,0,0,0,0
0,20,0,0,0,0
1,9,0,0,0,0
0,24,0,0,0,0
0,29,0,0,0,0
1,12,0,0,0,0
2,33,0,0,0,0
1,15,0,0,0,0
3,8,0,0,0,0
0,13,0,0,0,0
3,20,0,0,0,0
1,20,0,0,0,0
1,10,0,0,0,0
2,7,0,0,0,0
6,29,0,0,0,0
2,30,0,0,0,0
0,18,0,0,0,0
2,19,0,0,0,0
1,28,0,0,0,0
1,30,0,0,0,0
3,31,0,0,0,0
1,11,0,0,0,0
0,15,0,0,0,0
0,10,0,0,0,0
1,10,0,0,0,0
0,5,0,0,0,0
0,12,0,0,0,0
1,24,0,0,0,0
0,11,0,0,0,0
2,31,0,0,0,0
0,8,0,0,0,0
1,24,0,0,0,0
1,18,0,0,0,0
0,11,0,0,0,0
3,45,0,0,0,0
1,28,0,0,0,0
0,24,0,0,0,0
1,12,0,0,0,0
1,14,0,0,0,0
0,34,0,0,0,0
0,22,0,0,0,0
1,29,0,0,0,0
0,18,0,0,0,0
2,44,0,0,0,0
0,18,0,0,0,0
0,12,0,0,0,0
0,32,0,0,0,0
2,21,0,0,0,0
1,19,0,0,0,0
2,9,0,0,0,0
2,22,0,0,0,0
0,7,0,0,0,0
0,20,0,0,0,0
0,15,0,0,0,0
3,23,0,0,0,0
0,17,0,0,0,0
3,24,0,0,0,0
0,14,0,0,0,0
0,12,0,0,0,0
0,11,0,0,0,0
1,21,0,0,0,0
0,7,0,0,0,0
2,19,0,0,0,0
2,7,0,0,0,0
0,18,0,0,0,0
1,16,0,0,0,0
1,10,0,0,0,0
0,5,0,0,0,0
0,7,0,0,0,0
2,14,0,0,0,0
1,9,0,0,0,0
0,10,0,0,0,0
0,11,0,0,0,0
0,10,0,0,0,0
0,8,0,0,0,0
0,8,0,0,0,0
1,13,0,0,0,0
2,12,0,0,0,0
1,7,0,0,0,0
0,11,0,0,0,0
2,38,0,0,0,0
1,9,0,0,0,0
0,13,0,0,0,0
2,11,0,0,0,0
2,22,0,0,0,0
0,16,0,0,0,0
0,20,0,0,0,0
1,15,0,0,0,0
0,6,0,0,0,0
1,19,0,0,0,0
0,16,0,0,0,0
0,5,0,0,0,0
0,0,0,0,0,0
0,9,0,0,0,0
0,4,0,0,0,0
0,5,0,0,0,0
0,17,0,0,0,0
3,17,0,0,0,0
2,17,0,0,0,0
1,14,0,0,0,0
0,21,0,0,0,0
0,14,0,0,0,0
0,8,0,0,0,0
0,11,0,0,0,0
0,1,0,0,0,0
2,11,0,0,0,0
2,15,0,0,0,0
0,17,0,0,0,0
0,12,0,0,0,0
0,23,0,0,0,0
0,8,0,0,0,0
0,9,0,0,0,0
0,24,0,0,0,0
1,27,2,0,0,0
1,11,0,0,0,0
0,16,0,0,0,0
0,14,0,0,0,0
0,8,0,0,0,0
0,20,0,0,0,0
1,30,1,0,0,0
0,10,0,0,0,0
0,23,0,0,0,0
3,21,0,0,0,0
0,16,0,0,0,0
1,20,0,0,0,0
1,14,0,0,0,0
4,29,2,0,0,0
1,13,0,0,0,0
0,15,0,0,0,0
2,20,0,0,0,0
0,21,0,1,0,0
0,36,0,0,0,0
1,11,0,0,0,0
4,32,0,0,0,0
0,17,0,0,0,0
0,12,0,0,0,0
0,16,0,0,0,0
0,15,0,0,0,0
1,13,0,0,0,0
0,23,0,0,0,0
1,12,0,0,0,0
2,12,0,0,0,0
0,18,0,0,0,0
1,15,0,0,0,0
0,5,0,0,0,0
0,5,0,0,0,0
0,18,0,0,0,0
0,6,0,0,0,0
0,12,0,0,0,0
0,14,0,0,0,0
4,18,0,0,0,0
0,7,0,0,0,0
0,13,0,0,0,0
0,15,0,0,0,0
3,20,0,0,0,0
0,14,0,0,0,0
1,31,0,0,0,0
0,25,0,0,0,0
0,11,0,0,0,0
0,8,0,0,0,0
0,16,0,0,0,0
0,22,0,0,0,0
1,17,0,0,0,0
2,18,0,0,0,0
0,13,0,0,0,0
3,14,0,0,0,0
5,35,0,0,0,0
2,10,0,0,0,0
1,20,0,0,0,0
0,0,0,0,0,0
0,4,0,0,0,0
1,15,0,0,0,0
0,6,0,0,0,0
1,25,0,0,0,0
0,13,0,0,0,0
0,24,0,0,0,0
1,16,0,0,0,0
0,13,0,0,0,0
0,2,0,0,0,0
2,15,0,0,0,0
1,13,0,0,0,0
0,25,0,0,0,0
1,20,0,0,0,0
0,21,0,0,0,0
3,47,0,0,0,0
2,30,0,0,0,0
1,15,0,0,0,0
0,28,1,0,0,0
1,18,0,0,0,0
0,14,0,0,0,0
0,8,0,0,0,0
0,4,0,0,0,0
0,2,0,0,0,0
1,41,0,0,0,0
0,10,0,0,0,0
0,24,0,0,0,0
1,15,1,0,0,0
1,13,0,0,0,0
1,19,0,0,0,0
1,21,0,0,0,0
1,6,0,0,0,0
1,23,0,0,0,0
1,18,0,0,0,0
2,18,0,0,0,0
0,19,0,0,0,0
0,10,0,0,0,0
0,10,0,0,0,0
1,9,0,0,0,0
1,21,0,0,0,0
1,11,0,0,0,0
0,8,0,0,0,0
0,17,0,0,0,0
2,10,0,0,0,0
0,15,0,0,0,0
0,4,0,0,0,0
0,14,0,0,0,0
0,22,0,0,0,0
2,9,0,0,0,0
0,10,0,0,0,0
0,17,0,0,0,0
2,18,0,0,0,0
0,8,0,0,0,0
0,18,0,0,0,0
0,10,0,0,0,0
1,18,0,0,0,0
4,37,0,0,0,0
2,25,0,0,0,0
1,23,0,0,0,0
4,65,0,0,0,0
1,24,0,0,0,0
2,39,0,0,0,0
2,28,0,0,0,0
0,25,0,0,0,0
2,20,0,0,0,0
2,27,0,0,0,0
1,12,0,0,0,0
0,8,0,0,0,0
4,49,0,0,0,0
0,7,0,0,0,0
1,18,0,0,0,0
0,27,0,0,0,0
2,19,0,0,0,0
0,9,0,0,0,0
0,45,0,0,0,0
0,19,0,0,0,0
1,18,0,0,0,0
1,22,0,0,0,0
1,20,0,0,0,0
1,17,0,0,0,0
0,14,0,0,0,0
0,7,0,0,0,0
1,10,0,0,0,0
0,14,0,0,0,0
0,8,0,0,0,0
1,15,0,0,0,0
3,36,0,0,0,0
2,28,0,0,0,0
2,24,0,0,0,0
2,10,0,0,0,0
0,10,0,0,0,0
0,30,0,0,0,0
0,10,0,0,0,0
0,5,0,0,0,0
1,14,0,0,0,0
0,12,0,0,0,0
1,28,0,0,0,0
0,25,0,0,0,0
1,15,0,0,0,0
0,25,0,0,0,0
0,14,0,0,0,0
1,11,0,0,0,0
4,23,0,0,0,0
2,13,0,0,0,0
0,10,0,0,0,0
0,14,0,0,0,0
1,11,0,0,0,0
0,23,0,0,0,0
1,22,0,0,0,0
1,21,0,0,0,0
0,27,0,0,0,0
0,16,0,0,0,0
0,22,0,0,0,0
0,19,0,0,0,0
0,16,0,0,0,0
0,9,0,0,0,0
0,20,0,0,0,0
0,9,0,0,0,0
0,11,0,0,0,0
0,20,0,0,0,0
0,13,0,0,0,0
0,25,0,0,0,0
0,22,0,0,0,0
0,22,0,0,0,0
0,11,0,0,0,0
1,13,0,0,0,0
0,19,0,0,0,0
0,13,0,0,0,0
0,3,0,0,0,0
0,17,0,0,0,0
1,24,0,0,0,0
1,19,0,0,0,0
3,30,0,0,0,0
0,18,0,0,0,0
0,9,0,0,0,0
0,15,0,0,0,0
0,25,0,0,0,0
0,15,0,0,0,0
0,6,0,0,0,0
1,17,0,0,0,0
1,23,0,0,0,0
0,15,0,0,0,0
0,14,0,0,0,0
0,8,0,0,0,0
0,15,0,0,0,0
0,10,0,0,0,0
0,17,0,0,0,0
0,12,0,0,0,0
0,14,0,0,0,0
4,26,0,0,0,0
0,12,0,0,0,0
3,35,0,0,0,0
1,28,0,0,0,0
0,16,0,0,0,0
1,10,0,0,0,0
2,39,0,0,0,0
0,29,0,0,0,0
2,12,0,0,0,0
0,13,0,0,0,0
3,20,0,0,0,0
0,11,0,0,0,0
1,13,0,0,0,0
2,13,0,0,0,0
0,6,0,0,0,0
0,6,0,0,0,0
1,9,0,0,0,0
0,7,0,0,0,0
0,12,0,0,0,0
2,12,0,0,0,0
0,16,0,0,0,0
0,10,0,0,0,0
1,7,0,0,0,0
0,28,0,0,0,0
0,5,0,0,0,0
1,19,0,0,0,0
2,14,0,0,0,0
2,31,0,0,0,0
0,16,0,0,0,0
2,19,0,0,0,0
3,23,0,0,0,0
3,21,0,0,0,0
1,24,0,0,0,0
2,33,0,0,0,0
0,19,0,0,0,0
1,22,0,0,0,0
4,56,0,0,0,0
1,15,0,0,0,0
1,26,0,0,0,0
0,29,0,0,0,0
1,7,0,0,0,0
3,68,0,0,0,0
2,8,0,0,0,0
2,28,0,0,0,0
0,31,0,0,0,0
0,37,0,0,0,0
0,27,0,0,0,0
1,10,0,0,0,0
0,15,0,0,0,0
3,16,0,0,0,0
1,19,0,0,0,0
0,14,0,0,0,0
1,21,0,0,0,0
0,35,0,0,0,0
0,27,0,0,0,0
1,35,0,0,0,0
0,15,0,0,0,0
2,10,0,0,0,0
0,8,0,0,0,0
1,21,0,0,0,0
2,18,0,0,0,0
0,27,0,0,0,0
1,27,0,0,0,0
1,9,0,0,0,0
3,13,0,0,0,0
2,24,0,0,0,0
1,27,0,0,0,0
3,36,0,0,0,0
2,25,0,0,0,0
0,25,0,0,0,0
3,13,0,0,0,0
3,37,0,0,0,0
2,26,0,0,0,0
1,12,0,0,0,0
1,16,0,0,0,0
0,13,0,0,0,0
0,14,0,0,0,0
1,30,0,0,0,0
2,10,0,0,0,0
1,20,0,0,0,0
1,11,0,0,0,0
1,36,0,0,0,0
0,6,0,0,0,0
1,11,0,0,0,0
0,5,0,0,0,0
1,20,0,0,0,0
0,16,0,0,0,0
1,15,0,0,0,0
1,39,0,0,0,0
1,40,0,0,0,0
0,8,0,0,0,0
0,6,0,0,0,0
0,4,0,0,0,0
0,2,0,0,0,0
0,11,0,0,0,0
1,16,0,0,0,0
1,19,0,0,0,0
1,9,0,0,0,0
0,7,0,0,0,0
0,9,0,0,0,0
1,27,0,0,0,0
0,10,0,0,0,0
1,21,0,0,0,0
0,2,0,0,0,0
2,8,0,0,0,0
0,9,0,0,0,0
2,13,0,0,0,0
0,9,0,0,0,0
1,19,0,0,0,0
0,5,0,0,0,0
0,5,0,0,0,0
2,32,0,0,0,0
1,38,0,0,0,0
1,40,0,0,0,0
0,33,0,0,0,0
0,22,0,0,0,0
4,44,0,0,0,0
1,25,0,0,0,0
2,18,0,0,0,0
1,20,0,0,0,0
0,34,0,0,0,0
0,10,0,0,0,0
1,16,0,0,0,0
0,21,0,0,0,0
1,14,0,0,0,0
0,29,0,0,0,0
0,22,0,0,0,0
0,7,0,0,0,0
2,26,0,0,0,0
2,49,0,1,0,0
7,51,0,0,0,0
0,36,0,0,0,0
2,27,0,0,0,0
1,29,0,2,0,0
0,4,0,1,0,0
0,11,0,0,0,0
1,22,0,1,0,0
0,5,0,1,0,0
1,10,0,1,0,0
1,20,0,0,0,0
0,7,0,0,0,0
1,5,0,0,0,0
0,5,0,0,0,0
1,20,0,0,0,0
0,14,0,0,0,0
0,15,0,0,0,0
1,33,0,0,0,0
0,19,0,0,0,0
1,21,0,0,0,0
0,7,0,0,0,0
2,19,0,0,0,0
3,30,0,0,0,0
1,25,0,0,0,0
0,39,0,0,0,0
1,27,0,0,0,0
1,28,0,0,0,0
0,22,0,0,0,0
0,20,0,0,0,0
0,16,0,0,0,0
1,18,0,0,0,0
2,27,0,0,0,0
0,31,0,0,0,0
0,24,0,0,0,0
0,17,0,0,0,0
0,20,0,0,0,0
1,37,0,0,0,0
2,22,0,0,0,0
0,9,0,0,0,0
0,9,0,0,0,0
0,23,0,0,0,0
0,17,0,0,0,0
0,12,0,0,0,0
2,17,0,0,0,0
3,15,0,0,0,0
1,26,0,0,0,0
0,5,0,0,0,0
1,22,0,0,0,0
0,28,0,0,0,0
0,28,0,0,0,0
0,5,0,0,0,0
0,19,0,0,0,0
0,10,0,0,0,0
0,15,0,0,0,0
1,13,0,0,0,0
0,18,0,0,0,0
1,35,0,0,0,0
0,11,0,0,0,0
0,24,0,0,0,0
0,18,0,0,0,0
0,17,0,0,0,0
1,9,0,0,0,0
0,12,0,0,0,0
0,6,0,0,0,0
1,14,0,0,0,0
3,47,0,0,0,0
0,9,0,0,0,0
0,5,0,0,0,0
0,12,0,0,0,0
1,23,0,0,0,0
1,26,0,0,0,0
0,0,0,0,0,0
0,8,0,0,0,0
0,22,0,0,0,0
0,14,0,0,0,0
0,19,0,0,0,0
0,1,0,0,0,0
0,0,0,0,0,0
3,22,0,0,0,0
1,18,0,0,0,0
1,6,0,0,0,0
0,5,0,0,0,0
1,17,0,0,0,0
2,15,0,0,0,0
2,20,0,0,0,0
0,16,0,0,0,0
1,16,0,0,0,0
0,15,0,0,0,0
4,13,0,0,0,0
0,14,0,0,0,0
2,30,0,0,0,0
0,10,0,0,0,0
1,11,0,0,0,0
0,13,0,0,0,0
0,18,0,0,0,0
0,10,0,0,0,0
1,7,0,0,0,0
0,14,0,0,0,0
0,13,0,0,0,0
1,11,0,0,0,0
0,11,0,0,0,0
1,8,0,0,0,0
0,6,0,0,0,0
1,7,0,0,0,0
0,10,0,0,0,0
2,8,0,0,0,0
0,7,0,0,0,0
2,51,0,0,0,0
1,8,0,0,0,0
0,10,0,0,0,0
0,20,0,0,0,0
0,29,0,0,0,0
0,26,0,0,0,0
3,14,0,0,0,0
0,13,0,0,0,0
0,13,0,0,0,0
0,15,0,1,0,0
0,5,0,0,0,0
1,10,0,0,0,0
2,21,1,0,0,0
0,12,0,0,0,0
0,7,0,0,0,0
1,39,0,0,0,0
4,33,0,0,0,0
0,24,0,0,0,0
0,9,0,0,0,0
1,16,0,0,0,0
0,20,0,0,0,0
0,25,0,0,0,0
2,19,0,0,0,0
0,0,0,0,0,0
0,0,0,0,0,0
0,4,0,0,0,0
1,24,0,0,0,0
0,8,0,0,0,0
0,18,0,0,0,0
2,27,0,0,0,0
0,16,0,0,0,0
0,3,0,0,0,0
1,10,0,0,0,0
1,12,0,0,0,0
0,19,0,0,0,0
0,22,0,1,0,0
0,7,0,0,0,0
1,15,0,0,0,0
1,18,0,0,0,0
0,16,0,0,0,0
0,7,0,0,0,0
0,13,0,0,0,0
0,9,0,0,0,0
1,8,0,0,0,0
2,25,0,0,0,0
0,7,0,0,0,0
1,7,0,0,0,0
0,10,0,0,0,0
2,25,0,0,0,0
1,26,0,0,0,0
1,9,0,0,0,0
1,22,0,0,0,0
1,20,0,0,0,0
1,11,0,0,0,0
0,11,0,0,0,0
2,13,0,0,0,0
1,34,0,0,0,0
2,25,0,0,0,0
0,23,0,0,0,0
0,13,0,0,0,0
1,17,0,0,0,0
1,36,0,0,0,0
0,25,0,0,0,0
0,9,0,0,0,0
1,36,0,0,0,0
1,28,0,0,0,0
0,25,0,0,0,0
3,46,0,0,0,0
0,29,0,0,0,0
0,20,0,0,0,0
0,20,0,0,0,0
0,8,0,0,0,0
1,13,0,0,0,0
1,15,0,0,0,0
0,19,0,0,0,0
1,11,0,0,0,0
0,32,0,0,0,0
0,13,0,0,0,0
0,15,0,0,0,0
2,29,0,0,0,0
1,11,0,0,0,0
1,15,0,0,0,0
0,18,0,0,0,0
0,15,0,0,0,0
0,43,0,0,0,0
0,13,0,0,0,0
0,11,0,0,0,0
0,13,0,0,0,0
0,14,0,0,0,0
0,7,0,0,0,0
0,6,0,0,0,0
0,26,0,0,0,0
0,7,0,0,0,0
0,14,0,0,0,0
0,20,0,0,0,0
1,49,0,0,0,0
0,10,0,0,0,0
0,21,0,0,0,0
0,11,0,0,0,0
0,16,0,0,0,0
2,12,0,0,0,0
3,36,0,0,0,0
1,24,0,0,0,0
0,29,0,0,0,0
0,13,0,0,0,0
0,8,0,0,0,0
1,26,0,0,0,0
1,25,0,0,0,0
3,38,0,0,0,0
2,30,0,0,0,0
2,33,0,0,0,0
4,42,0,0,0,0
1,18,0,0,0,0
1,6,0,0,0,0
0,10,0,0,0,0
0,29,0,0,0,0
0,36,0,0,0,0
0,20,0,0,0,0
2,18,0,0,0,0
2,25,0,0,0,0
4,21,0,0,0,0
3,33,0,0,0,0
3,24,0,0,0,0
0,21,0,0,0,0
0,14,0,0,0,0
0,9,0,0,0,0
3,31,0,0,0,0
1,25,0,0,0,0
0,15,0,0,0,0
0,20,0,0,0,0
0,18,0,0,0,0
0,6,0,0,0,0
0,0,0,0,0,0
2,28,0,0,0,0
0,0,0,0,0,0
1,5,0,0,0,0
0,11,0,0,0,0
1,14,0,0,0,0
1,35,0,0,0,0
0,9,0,0,0,0
1,14,0,0,0,0
0,2,0,0,0,0
0,0,0,0,0,0
0,6,0,0,0,0
0,9,0,0,0,0
0,19,0,0,0,0
0,24,0,0,0,0
0,15,0,0,0,0
0,3,0,0,0,0
0,4,0,0,0,0
1,7,0,0,0,0
1,30,0,0,0,0
0,34,0,0,0,0
2,15,0,0,0,0
0,17,0,0,0,0
0,30,0,0,0,0
1,16,0,0,0,0
2,17,0,0,0,0
0,4,0,0,0,0
1,29,0,0,0,0
1,10,0,0,0,0
0,12,0,0,0,0
0,9,0,0,0,0
0,18,0,0,0,0
0,15,0,0,0,0
1,16,0,0,0,0
1,20,0,0,0,0
2,9,0,0,0,0
1,20,0,0,0,0
2,22,0,0,0,0
3,10,0,0,0,0
1,8,0,0,0,0
0,21,0,0,0,0
0,10,0,0,0,0
0,29,0,0,0,0
0,5,0,0,0,0
0,0,0,0,0,0
0,13,0,0,0,0
0,8,0,0,0,0
0,14,0,0,0,0
2,22,0,0,0,0
2,23,2,0,0,0
0,11,0,0,0,0
1,12,0,0,0,0
2,39,0,0,0,0
0,13,0,0,0,0
0,11,0,0,0,0
0,12,0,0,0,0
1,13,0,0,0,0
1,32,0,0,0,0
0,8,0,0,0,0
2,28,0,0,0,0
1,15,0,0,0,0
1,10,0,0,0,0
2,7,0,0,0,0
5,22,0,0,0,0
3,24,0,0,0,0
4,31,0,0,0,0
0,11,0,0,0,0
2,18,0,0,0,0
0,9,0,0,0,0
2,38,0,0,0,0
1,14,0,0,0,0
1,25,0,0,0,0
2,15,0,0,0,0
3,10,0,0,0,0
1,41,0,0,0,0
2,11,0,0,0,0
1,22,0,0,0,0
3,21,0,0,0,0
1,27,0,0,0,0
0,25,0,0,0,0
2,9,0,0,0,0
1,23,0,0,0,0
1,27,0,0,0,0
0,9,0,0,0,0
1,30,0,0,0,0
0,16,0,0,0,0
0,11,0,0,0,0
1,10,0,0,0,0
1,11,0,0,0,0
0,18,0,0,0,0
0,13,0,0,0,0
0,9,0,0,0,0
0,15,0,0,0,0
1,15,0,0,0,0
0,8,0,0,0,0
1,13,0,0,0,0
0,19,0,0,0,0
0,7,0,0,0,0
1,15,0,0,0,0
2,12,0,0,0,0
0,16,0,0,0,0
0,13,0,0,0,0
1,10,0,0,0,0
5,34,0,0,0,0
3,38,0,0,0,0
1,4,0,0,0,0
2,17,0,0,0,0
2,16,0,0,0,0
1,24,0,0,0,0
4,27,0,0,0,0
3,23,0,0,0,0
4,33,0,0,0,0
0,5,0,0,0,0
0,19,0,0,0,0
2,24,0,0,0,0
4,43,0,0,0,0
3,24,0,0,0,0
1,14,0,0,0,0
2,27,0,0,0,0
2,23,0,0,0,0
4,39,0,0,0,0
0,28,0,0,0,0
2,10,0,0,0,0
0,19,0,0,0,0
1,13,0,0,0,0
4,18,0,0,0,0
1,14,0,0,0,0
2,21,0,0,0,0
1,12,0,0,0,0
0,11,0,0,0,0
2,15,0,0,0,0
0,2,0,0,0,0
0,0,0,0,0,0
5,24,0,0,0,0
0,13,0,0,0,0
1,19,0,0,0,0
1,11,0,0,0,0
1,7,0,0,0,0
0,16,0,0,0,0
1,18,0,0,0,0
3,29,0,0,0,0
2,34,0,0,0,0
2,29,0,0,0,0
2,15,0,0,0,0
2,33,0,0,0,0
1,22,0,0,0,0
3,29,0,0,0,0
2,31,0,0,0,0
1,28,0,0,0,0
1,14,0,0,0,0
0,14,0,0,0,0
0,17,0,0,0,0
0,18,0,0,0,0
0,34,0,0,0,0
5,36,0,0,0,0
2,16,0,0,0,0
0,14,0,0,0,0
2,16,0,0,0,0
2,15,0,0,0,0
1,45,2,0,0,0
2,22,0,0,0,0
1,19,0,0,0,0
1,27,0,0,0,0
2,22,0,0,0,0
6,43,0,0,0,0
1,18,0,0,0,0
0,25,0,0,0,0
1,22,0,0,0,0
1,17,0,0,0,0
1,8,0,0,0,0
2,24,0,0,0,0
0,6,0,0,0,0
2,32,0,0,0,0
0,5,0,0,0,0
4,38,0,0,0,0
2,23,0,0,0,0
2,36,0,0,0,0
1,24,0,0,0,0
1,10,0,0,0,0
1,9,0,0,0,0
2,34,0,0,0,0
1,8,0,0,0,0
0,13,0,0,0,0
1,8,0,0,0,0
1,13,0,0,0,0
0,9,0,0,0,0
0,20,0,0,0,0
2,9,0,0,0,0
1,6,0,0,0,0
2,8,0,0,0,0
1,11,0,0,0,0
0,8,0,0,0,0
0,9,0,0,0,0
1,14,0,0,0,0
0,11,0,0,0,0
0,20,0,0,0,0
0,16,0,0,0,0
0,5,0,0,0,0
1,17,0,0,0,0
0,22,0,0,0,0
1,8,0,0,0,0
1,25,0,0,0,0
1,7,0,0,0,0
0,5,0,0,0,0
0,27,0,0,0,0
3,22,0,0,0,0
0,26,0,0,0,0
1,23,0,0,0,0
1,15,0,0,0,0
0,12,0,0,0,0
0,19,0,0,0,0
1,9,0,0,0,0
0,11,0,0,0,0
0,9,0,0,0,0
0,14,0,0,0,0
3,15,0,0,0,0
0,19,0,0,0,0
0,6,0,0,0,0
1,16,0,0,0,0
1,34,0,0,0,0
1,20,0,0,0,0
0,7,0,0,0,0
0,18,0,0,0,0
1,9,0,0,0,0
0,18,0,0,0,0
2,15,0,0,0,0
0,10,0,0,0,0
0,13,0,0,0,0
0,7,0,0,0,0
1,36,0,0,0,0
0,15,0,0,0,0
1,19,0,0,0,0
0,10,0,0,0,0
2,23,0,0,0,0
0,7,0,0,0,0
4,21,0,0,0,0
1,19,0,0,0,0
0,5,0,0,0,0
1,24,0,0,0,0
1,8,0,0,0,0
1,7,0,0,0,0
1,7,0,0,0,0
0,10,0,0,0,0
1,11,0,0,0,0
1,13,0,0,0,0
1,7,0,0,0,0
2,20,0,0,0,0
1,17,0,0,0,0
1,22,0,0,0,0
1,38,0,0,0,0
1,29,0,0,0,0
1,29,0,0,0,0
0,21,0,0,0,0
1,26,0,0,0,0
1,28,0,0,0,0
0,6,0,0,0,0
0,8,0,0,0,0
0,23,0,0,0,0
3,24,0,0,0,0
1,13,0,0,0,0
0,17,0,0,0,0
1,19,0,0,0,0
2,38,0,0,0,0
0,4,0,0,0,0
2,20,0,0,0,0
0,5,0,0,0,0
0,18,2,0,0,0
0,21,0,0,0,0
1,23,0,0,0,0
1,9,0,0,0,0
0,14,0,0,0,0
0,12,0,0,0,0
1,14,0,0,0,0
4,50,0,0,0,0
0,18,0,0,0,0
3,49,0,0,0,0
1,42,0,0,0,0
0,10,0,0,0,0
0,1,0,0,0,0
0,0,0,0,0,0
0,3,0,0,0,0
0,8,0,0,0,0
0,4,0,0,0,0
1,4,0,0,0,0
2,58,0,0,0,0
1,11,0,0,0,0
2,20,0,0,0,0
1,34,0,0,0,0
0,7,0,0,0,0
0,11,0,0,0,0
0,18,0,0,0,0
0,21,0,0,0,0
1,28,0,0,0,0
0,14,0,0,0,0
1,23,0,0,0,0
4,21,0,0,0,0
4,58,0,0,0,0
1,40,0,0,0,0
1,21,0,0,0,0
2,33,0,0,0,0
1,12,0,0,0,0
2,36,0,0,0,0
0,5,0,0,0,0
1,28,0,0,0,0
1,24,0,0,0,0
0,15,0,0,0,0
1,14,0,0,0,0
1,8,0,0,0,0
1,17,0,0,0,0
0,29,0,0,0,0
0,16,0,0,0,0
4,41,0,0,0,0
2,34,0,0,0,0
0,45,0,0,0,0
0,6,0,0,0,0
2,16,0,0,0,0
1,14,0,0,0,0
1,26,0,0,0,0
1,8,0,0,0,0
2,34,0,0,0,0
1,20,0,0,0,0
1,22,0,0,0,0
3,13,0,0,0,0
1,12,0,0,0,0
1,31,0,0,0,0
0,5,0,0,0,0
2,39,0,0,0,0
1,5,0,0,0,0
1,22,0,0,0,0
0,9,0,0,0,0
0,20,0,0,0,0
0,12,0,0,0,0
0,9,0,0,0,0
0,5,0,0,0,0
1,9,0,0,0,0
1,36,0,0,0,0
2,30,0,0,0,0
1,23,0,0,0,0
1,6,0,0,0,0
0,23,0,0,0,0
2,45,0,0,0,0
3,19,1,0,0,0
3,17,0,0,0,0
1,24,0,0,0,0
0,2,0,0,0,0
0,0,0,0,0,0
1,32,0,0,0,0
2,19,0,0,0,0
0,27,0,0,0,0
0,5,0,0,0,0
3,19,0,0,0,0
0,15,0,0,0,0
1,29,0,0,0,0
0,26,0,0,0,0
1,15,0,0,0,0
2,10,0,0,0,0
0,11,0,0,0,0
1,38,2,0,0,0
1,23,0,0,0,0
0,24,0,0,0,0
0,19,0,0,0,0
0,12,0,0,0,0
0,7,0,0,0,0
1,10,0,0,0,0
2,22,0,0,0,0
1,23,0,0,0,0
3,23,0,0,0,0
2,18,0,0,0,0
1,7,0,0,0,0
0,17,0,0,0,0
0,0,0,0,0,0
0,9,0,0,0,0
0,7,0,0,0,0
2,11,0,0,0,0
1,4,0,0,0,0
0,10,1,0,0,0
1,12,0,0,0,0
0,16,0,0,0,0
0,4,0,0,0,0
2,16,0,0,0,0
5,27,0,0,0,0
0,33,0,0,0,0
0,5,0,0,0,0
0,12,0,0,0,0
0,11,0,0,0,0
2,17,0,0,0,0
0,19,0,0,0,0
0,5,0,0,0,0
0,7,0,0,0,0
0,8,0,0,0,0
0,2,0,0,0,0
2,31,0,0,0,0
2,18,0,0,0,0
2,11,0,0,0,0
0,7,0,0,0,0
0,14,0,0,0,0
0,11,0,0,0,0
0,19,0,0,0,0
0,20,0,0,0,0
0,18,1,0,0,0
0,6,0,0,0,0
0,8,0,0,0,0
0,25,0,0,0,0
2,17,1,0,0,0
0,6,0,0,0,0
0,23,0,0,0,0
0,7,0,0,0,0
0,25,0,0,0,0
2,15,0,0,0,0
1,7,0,0,0,0
0,13,0,0,0,0
0,23,0,0,0,0
1,20,0,0,0,0
3,14,0,0,0,0
1,19,0,0,0,0
1,18,0,0,0,0
0,16,0,0,0,0
0,8,0,0,0,0
1,19,0,0,0,0
0,10,0,0,0,0
1,11,0,0,0,0
2,12,0,0,0,0
1,7,0,0,0,0
2,41,0,0,0,0
3,15,0,0,0,0
0,18,0,0,0,0
0,26,0,0,0,0
0,4,0,0,0,0
1,16,0,0,0,0
0,17,0,0,0,0
1,14,0,0,0,0
1,21,0,0,0,0
3,17,0,0,0,0
0,6,0,0,0,0
3,40,0,0,0,0
1,24,0,0,0,0
3,30,0,0,0,0
0,19,0,0,0,0
1,24,0,0,0,0
0,21,0,0,0,0
2,32,0,0,0,0
2,13,0,0,0,0
0,6,0,0,0,0
2,19,0,0,0,0
1,27,0,0,0,0
2,37,0,0,0,0
3,17,0,0,0,0
2,12,0,0,0,0
3,32,0,0,0,0
0,24,0,0,0,0
3,16,0,0,0,0
3,25,0,0,0,0
0,23,0,0,0,0
0,6,0,0,0,0
0,6,0,0,0,0
0,2,0,0,0,0
1,17,0,0,0,0
2,15,0,0,0,0
1,5,0,0,0,0
0,16,0,0,0,0
0,13,0,0,0,0
1,26,0,0,0,0
0,20,0,0,0,0
1,21,0,0,0,0
0,9,0,0,0,0
0,10,0,0,0,0
1,19,0,0,0,0
0,11,0,0,0,0
0,2,0,0,0,0
0,5,0,0,0,0
0,4,0,0,0,0
1,14,0,0,0,0
1,6,0,0,0,0
3,20,0,0,0,0
0,14,0,0,0,0
0,0,0,0,0,0
0,8,0,0,0,0
1,21,0,0,0,0
0,20,0,0,0,0
0,15,0,0,0,0
1,21,0,0,0,0
0,5,0,0,0,0
0,12,0,0,0,0
1,15,0,0,0,0
1,14,0,0,0,0
1,11,0,0,0,0
0,17,0,0,0,0
0,7,0,0,0,0
0,4,0,0,0,0
0,6,0,0,0,0
0,4,0,0,0,0
1,8,0,0,0,0
1,6,0,0,0,0
0,4,0,0,0,0
0,10,0,0,0,0
4,36,0,0,0,0
0,3,0,0,0,0
0,0,0,0,0,0
0,14,0,0,0,0
0,14,0,0,0,0
2,21,0,0,0,0
0,9,0,0,0,0
0,13,0,0,0,0
0,0,0,0,0,0
0,18,0,0,0,0
2,21,0,0,0,0
5,29,0,0,0,0
2,20,0,0,0,0
1,16,0,0,0,0
1,11,0,0,0,0
4,30,0,0,0,0
1,16,0,0,0,0
3,28,0,0,0,0
3,24,0,0,0,0
2,23,0,0,0,0
2,34,0,0,0,0
1,21,0,0,0,0
1,8,0,0,0,0
3,22,0,0,0,0
0,23,0,0,0,0
0,17,0,0,0,0
0,18,0,0,0,0
3,26,0,0,0,0
0,24,0,0,0,0
1,25,0,0,0,0
0,14,0,0,0,0
0,6,0,0,0,0
0,25,0,0,0,0
0,7,0,0,0,0
0,7,0,0,0,0
4,28,0,0,0,0
0,6,0,0,0,0
2,21,0,0,0,0
0,12,0,0,0,0
2,15,0,0,0,0
0,9,0,0,0,0
0,19,0,0,0,0
2,27,0,0,0,0
1,25,0,0,0,0
2,27,0,0,0,0
1,25,0,0,0,0
0,12,0,0,0,0
1,17,0,0,0,0
1,11,0,0,0,0
0,26,0,0,0,0
0,8,0,0,0,0
0,17,0,0,0,0
0,15,0,0,0,0
0,4,0,0,0,0
1,24,0,0,0,0
1,7,0,0,0,0
4,38,0,0,0,0
0,37,0,0,0,0
1,36,0,0,0,0
0,27,0,0,0,0
0,21,0,0,0,0
0,22,0,0,0,0
0,7,0,0,0,0
0,3,0,0,0,0
0,19,0,0,0,0
0,16,0,0,0,0
1,17,0,0,0,0
0,4,0,0,0,0
0,8,0,0,0,0
0,6,0,0,0,0
0,8,0,0,0,0
1,6,0,0,0,0
1,19,0,0,0,0
3,18,0,0,0,0
3,25,0,0,0,0
1,38,0,0,0,0
1,38,0,0,0,0
0,12,0,0,0,0
0,7,0,0,0,0
0,13,0,0,0,0
0,10,0,0,0,0
1,17,0,0,0,0
0,18,0,0,0,0
4,31,0,0,0,0
0,26,0,0,0,0
0,13,0,0,0,0
0,11,0,0,0,0
0,4,0,0,0,0
0,24,0,0,0,0
0,22,0,0,0,0
0,6,0,0,0,0
0,6,0,0,0,0
1,10,0,0,0,0
1,16,0,0,0,0
0,12,0,0,0,0
0,14,0,0,0,0
0,7,0,0,0,0
0,10,0,0,0,0
1,11,0,0,0,0
0,9,0,0,0,0
0,15,0,0,0,0
1,6,0,0,0,0
1,22,0,0,0,0
0,11,0,0,0,0
0,10,0,0,0,0
1,8,0,0,0,0
0,15,0,0,0,0
0,19,0,0,0,0
0,6,0,0,0,0
0,9,0,0,0,0
2,27,0,0,0,0
0,7,0,0,0,0
0,18,0,0,0,0
2,19,0,0,0,0
0,1,0,0,0,0
0,1,0,0,0,0
0,0,0,0,0,0
0,6,0,0,0,0
0,13,0,0,0,0
0,4,0,0,0,0
0,10,0,0,0,0
5,33,0,0,0,0
1,25,0,0,0,0
5,30,0,0,0,0
4,43,0,0,0,0
2,22,0,0,0,0
1,14,0,0,0,0
1,25,0,0,0,0
1,31,0,0,0,0
2,22,0,0,0,0
1,21,0,0,0,0
1,22,0,0,0,0
2,11,0,0,0,0
3,21,0,0,0,0
3,26,0,0,0,0
0,7,0,0,0,0
1,8,0,0,0,0
1,16,0,0,0,0
0,7,0,0,0,0
2,15,0,0,0,0
0,11,0,0,0,0
0,5,0,0,0,0
0,12,0,0,0,0
0,19,0,0,0,0
0,10,0,0,0,0
1,12,0,0,0,0
1,7,0,0,0,0
0,9,0,0,0,0
1,13,0,0,0,0
0,7,0,0,0,0
0,10,0,0,0,0
2,12,0,0,0,0
0,4,0,0,0,0
1,16,0,0,0,0
3,14,0,0,0,0
0,10,0,0,0,0
0,8,0,0,0,0
2,10,0,0,0,0
2,53,0,0,0,0
3,19,0,0,0,0
2,24,0,0,0,0
0,12,0,0,0,0
1,30,0,0,0,0
2,30,0,0,0,0
2,17,0,0,0,0
1,8,0,0,0,0
2,13,0,0,0,0
0,7,0,0,0,0
0,28,0,0,0,0
2,18,0,0,0,0
2,14,0,0,0,0
0,13,0,0,0,0
1,7,0,0,0,0
1,27,0,0,0,0
1,5,0,0,0,0
0,8,0,0,0,0
0,9,0,0,0,0
2,6,0,0,0,0
1,16,0,0,0,0
2,15,0,0,0,0
2,12,0,0,0,0
0,11,0,0,0,0
0,13,0,0,0,0
0,18,0,0,0,0
0,12,0,0,0,0
1,18,0,0,0,0
0,26,0,0,0,0
1,24,0,0,0,0
1,23,0,0,0,0
1,27,0,0,0,0
0,4,0,0,0,0
1,23,1,0,0,0
1,33,0,0,0,0
3,33,0,0,0,0
3,14,0,0,0,0
1,21,0,0,0,0
1,20,0,0,0,0
1,10,0,0,0,0
2,22,0,0,0,0
1,12,0,0,0,0
3,23,0,0,0,0
0,6,0,0,0,0
1,17,0,0,0,0
0,16,0,0,0,0
0,14,1,0,0,0
0,28,1,0,0,0
1,34,0,0,0,0
2,37,0,0,0,0
5,26,0,0,0,0
1,19,0,0,0,0
0,7,0,0,0,0
1,37,0,0,0,0
2,33,0,0,0,0
0,18,0,0,0,0
2,15,0,0,0,0
2,24,0,0,0,0
4,16,0,0,0,0
1,15,0,0,0,0
0,27,0,0,0,0
0,34,0,0,0,0
3,32,0,0,0,0
1,13,0,0,0,0
2,26,0,0,0,0
0,5,0,0,0,0
0,16,0,0,0,0
0,14,0,0,0,0
1,17,0,0,0,0
3,15,0,0,0,0
0,5,0,0,0,0
3,23,0,0,0,0
2,14,0,0,0,0
0,6,0,0,0,0
0,3,0,0,0,0
0,22,0,0,0,0
0,9,0,0,0,0
0,6,0,0,0,0
0,6,0,0,0,0
0,12,0,0,0,0
0,11,0,0,0,0
1,23,0,0,0,0
0,14,0,0,0,0
2,16,0,0,0,0
0,7,0,0,0,0
0,25,0,0,0,0
1,18,0,0,0,0
0,2,0,0,0,0
0,6,0,0,0,0
2,19,0,0,0,0
0,12,0,0,0,0
1,23,0,0,0,0
0,5,0,0,0,0
1,7,0,0,0,0
0,0,0,0,0,0
2,14,0,0,0,0
0,2,0,0,0,0
0,0,0,0,0,0
0,16,0,0,0,0
1,25,0,0,0,0
0,7,0,0,0,0
0,16,0,0,0,0
0,11,0,0,0,0
0,5,0,0,0,0
1,6,0,0,0,0
0,6,0,0,0,0
3,32,0,0,0,0
0,5,0,0,0,0
1,24,0,0,0,0
4,28,0,0,0,0
0,5,0,0,0,0
0,25,0,0,0,0
3,24,0,0,0,0
1,22,0,0,0,0
2,11,0,0,0,0
1,13,0,0,0,0
1,9,0,0,0,0
0,15,0,0,0,0
1,21,0,0,0,0
2,24,0,0,0,0
0,7,0,0,0,0
0,8,0,0,0,0
0,11,0,0,0,0
0,6,0,0,0,0
0,18,0,0,0,0
0,12,0,0,0,0
4,48,0,0,0,0
1,20,0,0,0,0
1,15,0,0,0,0
1,24,0,0,0,0
0,25,0,0,0,0
2,29,0,0,0,0
0,11,0,0,0,0
2,26,0,0,0,0
1,15,0,0,0,0
1,14,0,0,0,0
0,9,0,0,0,0
0,7,0,0,0,0
0,23,0,0,0,0
1,16,0,0,0,0
0,8,0,0,0,0
0,13,0,0,0,0
1,14,0,0,0,0
0,0,0,0,0,0
0,8,0,0,0,0
0,8,0,0,0,0
0,12,0,0,0,0
0,11,0,0,0,0
3,41,0,0,0,0
0,20,0,0,0,0
1,41,0,0,0,0
0,10,0,0,0,0
2,19,0,0,0,0
0,12,0,0,0,0
1,31,0,0,0,0
1,23,0,0,0,0
1,35,0,0,0,0
0,20,0,0,0,0
0,8,0,0,0,0
3,23,0,0,0,0
0,21,0,0,0,0
1,18,0,0,0,0
1,12,0,0,0,0
2,25,0,0,0,0
1,15,0,0,0,0
1,27,0,0,0,0
1,10,0,0,0,0
1,15,0,0,0,0
2,16,0,0,0,0
0,40,0,0,0,0
1,14,0,0,0,0
0,20,0,0,0,0
0,6,0,0,0,0
0,8,0,0,0,0
0,10,0,0,0,0
3,19,0,0,0,0
1,24,0,0,0,0
4,27,0,0,0,0
0,8,0,0,0,0
3,28,0,0,0,0
1,24,0,0,0,0
1,24,0,0,0,0
0,24,0,0,0,0
1,15,0,0,0,0
1,15,0,0,0,0
2,34,0,0,0,0
0,31,0,0,0,0
2,19,0,0,0,0
3,25,0,0,0,0
0,9,0,0,0,0
1,26,0,0,0,0
4,41,0,0,0,0
0,23,0,0,0,0
2,15,0,0,0,0
0,12,0,0,0,0
1,10,0,0,0,0
0,17,0,0,0,0
0,12,0,0,0,0
0,13,0,0,0,0
1,7,0,0,0,0
0,15,0,0,0,0
0,3,0,0,0,0
0,36,0,0,0,0
0,9,0,0,0,0
1,25,0,0,0,0
0,14,0,0,0,0
0,9,0,0,0,0
1,26,0,0,0,0
1,21,0,0,0,0
0,19,0,0,0,0
1,28,0,0,0,0
2,36,0,0,0,0
0,0,0,0,0,0
0,0,0,0,0,0
2,36,0,0,0,0
0,10,0,0,0,0
1,3,0,0,0,0
0,9,0,0,0,0
0,10,0,0,0,0
1,43,0,0,0,0
2,24,0,0,0,0
0,16,0,0,0,0
0,7,0,0,0,0
0,16,0,0,0,0
1,11,0,0,0,0
0,10,0,0,0,0
0,12,0,0,0,0
0,30,0,0,0,0
4,29,0,0,0,0
0,10,0,0,0,0
1,39,0,0,0,0
0,18,0,0,0,0
1,33,0,0,0,0
2,16,0,0,0,0
1,16,0,0,0,0
1,13,0,0,0,0
2,29,0,0,0,0
0,10,0,0,0,0
0,7,0,0,0,0
0,11,0,0,0,0
0,20,0,0,0,0
1,20,0,0,0,0
0,17,0,0,0,0
0,30,0,0,0,0
1,19,0,0,0,0
0,7,0,0,0,0
1,10,0,0,0,0
2,38,0,0,0,0
0,22,0,0,0,0
0,21,0,0,0,0
0,26,0,0,0,0
0,3,0,0,0,0
0,0,0,0,0,0
0,0,0,0,0,0
1,11,0,0,0,0
1,32,0,0,0,0
0,18,0,0,0,0
0,6,0,0,0,0
0,9,0,0,0,0
1,16,0,0,0,0
3,23,0,0,0,0
0,82,0,0,0,0
0,30,0,0,0,0
0,40,0,0,0,0
2,38,0,0,0,0
0,10,0,0,0,0
1,13,0,0,0,0
0,27,0,0,0,0
1,24,0,0,0,0
0,17,0,0,0,0
0,12,0,0,0,0
0,6,0,0,0,0
0,6,0,0,0,0
0,7,0,0,0,0
0,15,0,0,0,0
0,33,0,0,0,0
1,9,0,0,0,0
0,14,0,0,0,0
0,14,0,0,0,0
0,10,0,0,0,0
0,13,0,0,0,0
0,15,0,0,0,0
1,21,0,0,0,0
0,14,0,0,0,0
0,13,0,0,0,0
1,10,0,0,0,0
0,18,0,0,0,0
2,17,0,0,0,0
2,14,0,0,0,0
1,18,0,0,0,0
1,22,0,0,0,0
0,13,0,0,0,0
1,14,0,0,0,0
0,9,0,0,0,0
1,19,0,0,0,0
0,3,0,0,0,0
0,9,0,0,0,0
0,11,0,0,0,0
1,18,0,0,0,0
0,9,0,0,0,0
0,4,0,0,0,0
0,9,0,0,0,0
0,2,0,0,0,0
0,18,0,0,0,0
0,15,0,0,0,0
0,12,0,0,0,0
0,6,0,0,0,0
0,2,0,0,0,0
2,9,0,0,0,0
1,21,0,0,0,0
1,8,0,0,0,0
2,16,0,0,0,0
1,16,0,0,0,0
1,14,0,0,0,0
1,11,0,0,0,0
0,14,0,0,0,0
0,26,0,0,0,0
2,24,0,0,0,0
0,23,0,0,0,0
1,13,0,0,0,0
0,36,0,0,0,0
0,17,0,0,0,0
1,18,0,0,0,0
1,24,0,0,0,0
2,26,0,0,0,0
2,19,0,0,0,0
1,13,0,0,0,0
1,34,0,0,0,0
1,19,0,0,0,0
2,12,0,0,0,0
0,47,0,0,0,0
0,11,0,0,0,0
0,9,0,0,0,0
0,10,0,0,0,0
0,5,0,0,0,0
1,24,0,0,0,0
0,14,0,0,0,0
0,8,0,0,0,0
2,20,0,0,0,0
1,22,0,0,0,0
1,18,0,0,0,0
1,18,0,0,0,0
1,8,0,0,0,0
1,12,0,0,0,0
3,14,0,0,0,0
0,8,0,0,0,0
1,21,0,0,0,0
1,17,0,0,0,0
3,34,0,0,0,0
0,18,0,0,0,0
1,29,0,0,0,0
2,15,0,0,0,0
0,15,0,0,0,0
0,13,0,0,0,0
0,15,0,0,0,0
0,10,0,0,0,0
5,20,0,0,0,0
2,18,0,0,0,0
1,18,0,0,0,0
2,23,0,0,0,0
0,14,0,0,0,0
0,12,0,0,0,0
1,17,0,0,0,0
0,10,0,0,0,0
0,23,0,0,0,0
1,12,0,0,0,0
2,12,0,0,0,0
2,30,0,0,0,0
1,12,0,0,0,0
0,1,0,0,0,0
0,5,0,0,0,0
1,13,0,0,0,0
0,23,0,0,0,0
2,10,0,0,0,0
2,17,0,0,0,0
1,16,0,0,0,0
2,26,0,0,0,0
0,18,0,0,0,0
0,6,0,0,0,0
1,10,0,0,0,0
0,18,0,0,0,0
1,15,0,0,0,0
2,13,0,0,0,0
1,10,0,0,0,0
1,14,0,0,0,0
0,0,0,0,0,0
0,5,0,0,0,0
0,0,0,0,0,0
0,4,0,0,0,0
0,0,0,0,0,0
0,7,0,0,0,0
0,13,0,0,0,0
0,23,0,0,0,0
2,32,0,0,0,0
1,20,0,0,0,0
1,42,0,0,0,0
0,19,0,0,0,0
1,6,0,0,0,0
1,17,0,0,0,0
3,22,0,0,0,0
1,10,0,0,0,0
0,16,0,0,0,0
0,0,0,0,0,0
0,8,0,0,0,0
1,10,0,0,0,0
2,28,0,0,0,0
0,14,0,0,0,0
1,15,0,0,0,0
1,17,0,0,0,0
1,22,0,0,0,0
1,26,0,0,0,0
3,20,0,0,0,0
1,18,0,0,0,0
0,37,0,0,0,0
0,19,0,0,0,0
0,17,0,0,0,0
1,12,0,0,0,0
0,34,0,0,0,0
0,7,0,0,0,0
0,7,0,0,0,0
1,23,0,0,0,0
0,9,0,0,0,0
2,19,0,0,0,0
0,16,0,0,0,0
0,10,0,0,0,0
2,45,0,0,0,0
0,25,0,0,0,0
0,11,0,0,0,0
0,19,0,0,0,0
0,27,0,0,0,0
1,20,0,0,0,0
0,13,0,0,0,0
0,12,0,0,0,0
0,13,0,0,0,0
2,15,0,0,0,0
0,10,0,0,0,0
1,17,0,0,0,0
0,12,0,0,0,0
1,20,0,0,0,0
3,13,0,0,0,0
1,9,0,0,0,0
0,6,0,0,0,0
0,5,0,0,0,0
1,7,0,0,0,0
0,9,0,0,0,0
2,18,0,0,0,0
0,29,0,0,0,0
1,16,0,0,0,0
0,10,0,0,0,0
0,8,0,0,0,0
1,18,0,0,0,0
0,9,0,0,0,0
1,11,0,0,0,0
0,5,0,0,0,0
1,9,0,0,0,0
1,24,0,0,0,0
3,18,0,0,0,0
0,0,0,0,0,0
0,3,0,0,0,0
0,17,0,0,0,0
3,28,0,0,0,0
1,10,0,0,0,0
0,9,0,0,0,0
0,6,0,0,0,0
2,40,0,0,0,0
3,54,0,0,0,0
0,13,0,0,0,0
2,31,0,0,0,0
0,26,0,0,0,0
1,16,0,0,0,0
0,0,0,0,0,0
0,3,0,0,0,0
1,20,0,0,0,0
0,18,0,0,0,0
0,9,0,0,0,0
1,9,0,0,0,0
0,12,0,0,0,0
1,10,0,0,0,0
1,18,0,0,0,0
1,13,0,0,0,0
1,16,0,0,0,0
0,8,0,0,0,0
2,20,0,0,0,0
3,15,0,0,0,0
1,21,0,0,0,0
2,13,0,0,0,0
4,27,0,0,0,0
1,16,0,0,0,0
0,10,0,0,0,0
1,18,0,0,0,0
1,9,0,0,0,0
0,12,0,0,0,0
1,12,0,0,0,0
1,25,0,0,0,0
2,21,0,0,0,0
1,12,0,0,0,0
1,16,0,0,0,0
0,8,0,0,0,0
1,6,0,0,0,0
3,21,0,0,0,0
1,10,0,0,0,0
0,10,0,0,0,0
1,23,0,0,0,0
2,15,0,0,0,0
2,18,0,0,0,0
1,14,0,0,0,0
1,33,0,0,0,0
0,30,0,0,0,0
0,9,0,0,0,0
1,29,0,0,0,0
1,20,0,0,0,0
2,26,0,0,0,0
3,28,0,0,0,0
0,10,0,0,0,0
0,7,0,0,0,0
1,18,0,0,0,0
1,11,0,0,0,0
0,18,0,0,0,0
0,17,0,0,0,0
1,21,0,0,0,0
3,29,0,0,0,0
0,9,0,0,0,0
0,15,0,0,0,0
0,19,0,0,0,0
0,7,0,0,0,0
2,29,0,0,0,0
3,27,0,0,0,0
1,17,0,0,0,0
1,15,0,0,0,0
0,16,0,0,0,0
1,16,0,0,0,0
0,6,0,0,0,0
1,9,0,0,0,0
0,10,0,0,0,0
1,22,0,0,0,0
0,22,0,0,0,0
1,38,0,0,0,0
0,14,0,0,0,0
0,14,0,1,0,0
1,15,0,2,0,0
0,17,0,0,0,0
1,11,0,0,0,0
0,21,0,0,0,0
0,23,0,0,0,0
0,16,0,0,0,0
1,18,0,0,0,0
1,11,0,0,0,0
3,103,0,0,0,0
0,12,0,0,0,0
2,58,0,0,0,0
1,17,0,0,0,0
1,5,0,0,0,0
3,15,0,0,0,0
4,11,0,0,0,0
3,19,0,0,0,0
1,31,0,0,0,0
2,23,0,0,0,0
2,19,0,0,0,0
0,10,0,0,0,0
0,1,0,0,0,0
0,0,0,0,0,0
0,4,0,0,0,0
0,0,0,0,0,0
1,7,0,0,0,0
0,17,0,0,0,0
0,16,0,0,0,0
2,6,0,0,0,0
1,18,0,0,0,0
0,1,0,0,0,0
0,0,0,0,0,0
0,2,0,0,0,0
2,11,0,0,0,0
4,20,0,0,0,0
1,19,0,0,0,0
0,16,0,0,0,0
0,1,0,0,0,0
0,0,0,0,0,0
1,10,0,0,0,0
2,10,0,0,0,0
0,1,0,0,0,0
0,0,0,0,0,0
0,6,0,0,0,0
0,0,0,0,0,0
0,4,0,0,0,0
0,0,0,0,0,0
1,15,0,0,0,0
0,0,0,0,0,0
1,8,0,0,0,0
0,1,0,0,0,0
0,0,0,0,0,0
0,1,0,0,0,0
0,1,0,0,0,0
0,0,0,0,0,0
1,21,0,0,0,0
1,18,0,0,0,0
3,17,0,0,0,0
0,14,0,0,0,0
1,11,0,0,0,0
3,30,0,0,0,0
0,13,0,0,0,0
0,8,0,0,0,0
1,6,0,0,0,0
0,17,0,0,0,0
3,14,0,0,0,0
4,24,0,0,0,0
0,10,0,0,0,0
2,16,0,0,0,0
0,0,0,0,0,0
1,5,0,1,0,0
0,21,0,0,0,0
0,18,0,0,0,0
0,40,0,0,0,0
1,10,0,0,0,0
1,53,0,0,0,0
0,10,0,0,0,0
0,16,0,0,0,0
0,14,0,0,0,0
2,18,0,0,0,0
0,7,0,0,0,0
1,17,0,0,0,0
1,17,0,0,0,0
1,18,0,0,0,0
0,29,0,0,0,0
0,4,0,0,0,0
0,0,0,0,0,0
0,9,0,0,0,0
0,0,0,0,0,0
3,10,0,0,0,0
0,0,0,0,0,0
0,10,0,0,0,0
3,24,0,0,0,0
1,10,0,0,0,0
0,0,0,0,0,0
3,36,0,0,0,0
3,22,0,0,0,0
2,11,0,0,0,0
0,0,0,0,0,0
1,22,0,0,0,0
3,20,0,0,0,0
1,21,0,0,0,0
0,25,0,0,0,0
0,7,0,0,0,0
1,6,0,0,0,0
0,22,0,0,0,0
0,16,0,0,0,0
0,31,0,0,0,0
2,14,0,0,0,0
0,0,0,0,0,0
0,8,0,0,0,0
0,0,0,0,0,0
0,3,0,0,0,0
0,13,0,0,0,0
2,10,0,0,0,0
0,16,0,0,0,0
2,13,0,0,0,0
0,12,0,0,0,0
2,21,0,0,0,0
0,18,0,0,0,0
2,39,0,0,0,0
0,13,0,0,0,0
0,16,0,0,0,0
0,19,0,0,0,0
0,9,0,0,0,0
0,28,0,0,0,0
0,15,0,0,0,0
0,21,0,0,0,0
1,27,0,0,0,0
0,15,0,0,0,0
0,17,0,0,0,0
0,16,0,0,0,0
0,3,0,0,0,0
1,21,0,0,0,0
0,0,0,0,0,0
0,20,0,0,0,0
1,20,0,0,0,0
0,25,0,0,0,0
0,10,0,0,0,0
3,30,0,0,0,0
0,2,0,0,0,0
0,0,0,0,0,0
0,8,0,0,0,0
2,11,0,0,0,0
0,10,0,0,0,0
0,4,0,0,0,0
0,8,0,0,0,0
0,6,0,0,0,0
0,0,0,0,0,0
0,3,0,0,0,0
0,5,0,0,0,0
0,11,0,0,0,0
2,14,0,0,0,0
0,14,0,0,0,0
0,9,0,0,0,0
0,10,0,0,0,0
0,0,0,0,0,0
0,9,0,0,0,0
0,5,0,0,0,0
6,50,0,0,0,0
3,27,0,0,0,0
0,12,0,0,0,0
0,0,0,0,0,0
0,19,0,0,0,0
0,11,0,0,0,0
3,28,0,0,0,0
1,39,0,0,0,0
1,15,0,0,0,0
1,14,0,0,0,0
0,19,0,0,0,0
1,13,0,0,0,0
0,22,0,0,0,0
0,8,0,0,0,0
0,7,0,0,0,0
0,12,0,0,0,0
2,15,0,0,0,0
0,20,0,0,0,0
1,7,0,0,0,0
0,26,0,0,0,0
0,10,0,0,0,0
2,20,0,0,0,0
1,34,0,0,0,0
2,34,0,0,0,0
0,20,0,0,0,0
2,27,0,0,0,0
2,54,0,0,0,0
3,14,0,0,0,0
2,33,0,0,0,0
4,36,0,0,0,0
1,39,0,0,0,0
1,9,0,0,0,0
1,12,0,0,0,0
0,8,0,0,0,0
1,29,0,0,0,0
0,17,0,0,0,0
2,34,0,0,0,0
0,23,0,0,0,0
1,12,0,0,0,0
0,14,0,0,0,0
1,19,0,0,0,0
3,24,0,0,0,0
1,20,0,0,0,0
0,8,0,0,0,0
1,9,0,0,0,0
1,13,0,0,0,0
0,14,0,0,0,0
2,9,0,0,0,0
0,18,0,0,0,0
0,23,0,0,0,0
0,6,0,0,0,0
1,27,0,0,0,0
0,8,0,0,0,0
1,9,0,0,0,0
1,17,0,0,0,0
1,19,0,0,0,0
0,6,0,0,0,0
1,20,0,0,0,0
1,16,0,0,0,0
2,30,0,0,0,0
0,14,0,0,0,0
3,41,0,0,0,0
1,62,4,0,0,0
2,29,0,0,0,0
1,10,0,0,0,0
2,22,0,0,0,0
1,13,0,0,0,0
1,14,0,0,0,0
0,23,0,0,0,0
0,11,0,0,0,0
0,16,0,0,0,0
1,21,0,0,0,0
1,22,0,0,0,0
0,10,0,0,0,0
0,5,0,0,0,0
0,4,0,0,0,0
0,8,0,0,0,0
0,7,0,0,0,0
0,11,0,0,0,0
2,29,0,0,0,0
1,8,0,0,0,0
1,24,0,0,0,0
1,13,0,0,0,0
0,20,0,0,0,0
2,31,0,0,0,0
2,18,0,0,0,0
3,26,0,0,0,0
2,14,0,0,0,0
0,22,0,0,0,0
0,9,0,0,0,0
0,13,0,0,0,0
1,10,0,0,0,0
1,18,0,0,0,0
1,19,0,0,0,0
0,30,0,0,0,0
2,20,0,0,0,0
0,24,0,0,0,0
3,24,0,0,0,0
1,15,0,0,0,0
3,21,0,0,0,0
3,27,0,0,0,0
0,38,0,0,0,0
1,16,0,0,0,0
1,23,0,0,0,0
1,21,0,0,0,0
0,19,0,0,0,0
1,19,0,0,0,0
1,24,0,0,0,0
0,32,0,0,0,0
0,7,0,0,0,0
1,23,0,0,0,0
0,7,0,0,0,0
1,22,0,0,0,0
1,14,0,0,0,0
0,25,0,0,0,0
2,37,0,0,0,0
1,14,0,0,0,0
1,15,0,0,0,0
1,29,0,0,0,0
0,22,0,0,0,0
0,8,0,0,0,0
0,16,0,0,0,0
0,11,0,0,0,0
1,12,0,0,0,0
2,17,0,0,0,0
1,10,0,0,0,0
1,30,0,0,0,0
0,26,0,0,0,0
0,22,0,0,0,0
1,10,0,0,0,0
0,8,0,0,0,0
1,15,0,0,0,0
0,19,0,0,0,0
0,11,0,0,0,0
0,7,0,0,0,0
0,9,0,0,0,0
1,29,0,0,0,0
0,15,0,0,0,0
1,16,0,0,0,0
2,16,0,0,0,0
1,22,0,0,0,0
2,16,0,0,0,0
0,8,0,0,0,0
0,12,0,0,0,0
2,13,0,0,0,0
0,15,0,0,0,0
2,47,0,0,0,0
0,25,0,0,0,0
0,12,0,0,0,0
1,29,0,0,0,0
0,21,0,0,0,0
0,10,0,0,0,0
0,11,0,0,0,0
0,17,0,0,0,0
3,30,0,0,0,0
1,20,0,0,0,0
0,14,0,0,0,0
1,29,0,0,0,0
2,17,0,0,0,0
0,6,0,0,0,0
0,0,0,0,0,0
0,9,0,0,0,0
1,5,0,0,0,0
1,9,0,0,0,0
0,19,0,0,0,0
1,8,0,0,0,0
2,24,0,0,0,0
2,37,0,0,0,0
0,15,0,0,0,0
3,23,0,0,0,0
1,12,0,0,0,0
2,19,0,0,0,0
0,0,0,0,0,0
0,0,0,0,0,0
1,12,0,0,0,0
1,16,0,0,0,0
1,17,0,0,0,0
3,39,0,0,0,0
1,31,0,0,0,0
1,27,0,0,0,0
0,8,0,0,0,0
2,21,0,0,0,0
1,13,0,0,0,0
0,0,0,0,0,0
0,14,0,0,0,0
2,16,0,0,0,0
0,11,0,0,0,0
1,18,0,0,0,0
0,12,0,0,0,0
1,5,0,0,0,0
1,8,0,0,0,0
1,8,0,0,0,0
0,11,0,0,0,0
1,8,0,0,0,0
0,15,0,0,0,0
0,8,0,0,0,0
0,6,0,0,0,0
0,0,0,0,0,0
2,10,0,0,0,0
0,9,0,0,0,0
0,15,0,0,0,0
1,7,0,0,0,0
4,24,0,0,0,0
1,10,0,0,0,0
1,44,0,0,0,0
1,7,0,0,0,0
1,13,0,0,0,0
0,24,0,0,0,0
1,17,0,0,0,0
2,24,0,0,0,0
0,0,0,0,0,0
0,13,0,0,0,0
0,23,0,0,0,0
2,16,0,0,0,0
1,12,0,0,0,0
2,28,0,0,0,0
2,24,0,0,0,0
2,18,0,0,0,0
2,17,0,0,0,0
3,15,0,0,0,0
0,24,0,0,0,0
2,14,0,0,0,0
1,23,0,0,0,0
1,8,0,0,0,0
1,26,0,0,0,0
0,9,0,0,0,0
1,43,0,0,0,0
0,10,0,0,0,0
0,19,0,0,0,0
1,41,0,0,0,0
1,9,0,0,0,0
0,9,0,0,0,0
0,28,0,0,0,0
0,15,0,0,0,0
1,20,0,0,0,0
0,19,0,0,0,0
0,11,0,0,0,0
0,11,0,0,0,0
0,45,0,0,0,0
0,13,0,0,0,0
1,17,0,0,0,0
0,19,0,0,0,0
1,22,0,0,0,0
1,20,0,0,0,0
0,27,0,0,0,0
0,25,0,0,0,0
2,37,0,0,0,0
0,21,0,0,0,0
0,20,0,0,0,0
1,28,0,0,0,0
0,12,0,0,0,0
0,11,0,0,0,0
0,16,0,0,0,0
2,14,0,0,0,0
0,12,0,0,0,0
1,13,0,0,0,0
1,11,0,0,0,0
1,8,0,0,0,0
5,41,1,0,0,0
1,12,0,0,0,0
1,18,0,0,0,0
2,23,0,0,0,0
4,38,0,0,0,0
1,21,0,0,0,0
0,6,0,0,0,0
2,35,0,0,0,0
2,33,0,0,0,0
2,18,0,0,0,0
0,13,0,0,0,0
1,9,0,0,0,0
0,6,0,0,0,0
2,47,0,0,0,0
0,5,0,0,0,0
1,19,0,0,0,0
1,22,0,0,0,0
1,35,0,0,0,0
0,20,0,0,0,0
0,19,0,0,0,0
0,19,0,0,0,0
0,16,0,0,0,0
1,24,0,0,0,0
1,10,0,0,0,0
1,18,0,0,0,0
0,16,0,0,0,0
0,16,0,0,0,0
3,29,0,0,0,0
2,26,0,0,0,0
1,8,0,0,0,0
1,22,0,0,0,0
0,18,0,0,0,0
1,22,0,0,0,0
0,7,0,0,0,0
2,8,0,0,0,0
2,9,0,0,0,0
0,8,0,0,0,0
2,16,0,0,0,0
0,15,0,0,0,0
3,20,0,0,0,0
0,11,0,0,0,0
2,16,0,0,0,0
1,19,0,0,0,0
0,6,0,0,0,0
0,8,0,0,0,0
2,26,0,0,0,0
2,10,0,0,0,0
0,14,0,0,0,0
1,13,0,0,0,0
1,15,0,0,0,0
0,7,0,0,0,0
1,9,0,0,0,0
2,29,0,0,0,0
0,15,0,0,0,0
0,20,0,0,0,0
0,12,0,0,0,0
1,43,0,0,0,0
0,27,0,0,0,0
0,28,0,0,0,0
0,12,0,0,0,0
1,20,0,0,0,0
1,14,0,0,0,0
0,16,0,0,0,0
0,8,0,0,0,0
1,27,0,0,0,0
0,23,0,0,0,0
0,19,0,0,0,0
1,53,0,0,0,0
0,10,0,0,0,0
1,16,0,0,0,0
0,22,0,0,0,0
3,14,0,0,0,0
0,8,0,0,0,0
1,24,0,0,0,0
2,18,0,0,0,0
0,16,0,0,0,0
1,11,0,0,0,0
1,27,0,0,0,0
0,14,0,0,0,0
0,14,0,0,0,0
1,30,0,0,0,0
2,19,0,0,0,0
0,23,0,0,0,0
1,11,0,0,0,0
2,31,0,0,0,0
0,15,0,0,0,0
0,8,0,0,0,0
2,12,0,0,0,0
3,35,0,0,0,0
2,43,0,0,0,0
2,19,0,0,0,0
0,9,0,0,0,0
0,2,0,0,0,0
0,7,0,0,0,0
0,8,0,0,0,0
1,12,0,0,0,0
2,12,0,0,0,0
1,30,0,0,0,0
0,19,0,0,0,0
0,11,0,0,0,0
0,9,0,0,0,0
1,16,0,0,0,0
0,17,0,0,0,0
0,13,0,0,0,0
0,8,0,0,0,0
0,11,0,0,0,0
0,0,0,0,0,0
0,19,0,0,0,0
1,13,0,0,0,0
0,15,0,0,0,0
3,17,0,0,0,0
2,17,0,0,0,0
0,17,0,0,0,0
0,28,0,0,0,0
0,0,0,0,0,0
0,3,0,0,0,0
0,11,0,0,0,0
0,6,0,1,0,0
0,0,0,0,0,0
0,141,0,2,0,0
0,2,0,0,0,0
0,2,0,0,0,0
0,55,0,4,0,0
0,3,0,0,0,0
0,8,0,0,0,0
0,4,0,0,0,0
0,8,0,0,0,0
1,23,0,2,0,0
0,6,0,1,0,0
1,20,0,1,0,0
0,15,0,0,0,0
1,19,0,2,0,0
0,48,14,7,0,0
0,0,0,0,0,0
0,14,0,4,0,0
0,0,0,0,0,0
1,10,0,3,0,0
1,718,227,117,0,0
0,0,0,0,0,0
0,3,0,0,0,0
0,49,0,0,0,0
0,1,0,0,0,0
0,19,0,0,0,0
0,8,0,0,0,0
0,4,0,0,0,0
0,4,0,0,0,0
0,7,0,0,0,0
0,2,0,0,0,0
0,2,0,0,0,0
0,2,0,0,0,0
0,2,0,0,0,0
0,2,0,0,0,0
0,2,0,0,0,0
0,2,0,0,0,0
0,2,0,0,0,0
0,2,0,0,0,0
0,2,0,0,0,0
0,2,0,0,0,0
0,2,0,0,0,0
0,2,0,0,0,0
0,2,0,0,0,0
0,24,0,0,0,0
4,98,0,3,0,0
1,87,0,19,0,0
2,17,0,1,0,0
0,125,0,27,0,0
0,0,0,0,0,0
0,16,0,3,0,0
17,885,0,102,0,0
